Workbook

Sheet Note
A1: The only data that needs to be filled in is on Input and Orientations tab.
A2: Just enter data in the user input boxes (15 boxes total, just one side of the pairwise comparison), all other tabs will be auto calculated
A3: The Rankings tab shows the scores. Scroll down.
A4: The input boxes are the colored cells below the diagonal of the User Input block (A4, A5:B5, A6:C6, A7:D7, A8:E8). Sample values are pre-filled; overwrite them with your own judgments.
A5: Each entry must be strictly between 0 and 100 (an entry of exactly 0 or 100 causes a divide-by-zero in the ratios).

Sheet Permutations
A1: Perm # | B1: Column1 | C1: Column2 | D1: Column3 | E1: Column4 | F1: Column5 | G1: Column6 | H1: Perm Copy (just for easing manual copy and paste)
A2: 1 | B2: 1 | C2: 2 | D2: 3 | E2: 4 | F2: 5 | G2: 6 | I2: p1 - i1:i2 | J2: p2 - i2:i3 | K2: p3 - i3:i4 | L2: p4 - i4:i5 | M2: p15 - i5:i6
A3: 2 | B3: 1 | C3: 2 | D3: 3 | E3: 4 | F3: 6 | G3: 5 | H3: 2 | I3: p1 - i1:i2 | J3: p2 - i2:i3 | K3: p3 - i3:i4 | L3: p14 - i4:i6 | M3: p151 - i6:i5
A4: 3 | B4: 1 | C4: 2 | D4: 3 | E4: 5 | F4: 4 | G4: 6 | H4: 3 | I4: p1 - i1:i2 | J4: p2 - i2:i3 | K4: p6 - i3:i5 | L4: p41 - i5:i4 | M4: p14 - i4:i6
A5: 4 | B5: 1 | C5: 2 | D5: 3 | E5: 5 | F5: 6 | G5: 4 | H5: 4 | I5: p1 - i1:i2 | J5: p2 - i2:i3 | K5: p6 - i3:i5 | L5: p15 - i5:i6 | M5: p141 - i6:i4
A6: 5 | B6: 1 | C6: 2 | D6: 3 | E6: 6 | F6: 4 | G6: 5 | H6: 5 | I6: p1 - i1:i2 | J6: p2 - i2:i3 | K6: p13 - i3:i6 | L6: p141 - i6:i4 | M6: p4 - i4:i5
A7: 6 | B7: 1 | C7: 2 | D7: 3 | E7: 6 | F7: 5 | G7: 4 | H7: 6 | I7: p1 - i1:i2 | J7: p2 - i2:i3 | K7: p13 - i3:i6 | L7: p151 - i6:i5 | M7: p41 - i5:i4
A8: 7 | B8: 1 | C8: 2 | D8: 4 | E8: 3 | F8: 5 | G8: 6 | H8: 7 | I8: p1 - i1:i2 | J8: p5 - i2:i4 | K8: p31 - i4:i3 | L8: p6 - i3:i5 | M8: p15 - i5:i6
A9: 8 | B9: 1 | C9: 2 | D9: 4 | E9: 3 | F9: 6 | G9: 5 | H9: 8 | I9: p1 - i1:i2 | J9: p5 - i2:i4 | K9: p31 - i4:i3 | L9: p13 - i3:i6 | M9: p151 - i6:i5
A10: 9 | B10: 1 | C10: 2 | D10: 4 | E10: 5 | F10: 3 | G10: 6 | H10: 9 | I10: p1 - i1:i2 | J10: p5 - i2:i4 | K10: p4 - i4:i5 | L10: p61 - i5:i3 | M10: p13 - i3:i6
A11: 10 | B11: 1 | C11: 2 | D11: 4 | E11: 5 | F11: 6 | G11: 3 | H11: 10 | I11: p1 - i1:i2 | J11: p5 - i2:i4 | K11: p4 - i4:i5 | L11: p15 - i5:i6 | M11: p131 - i6:i3
A12: 11 | B12: 1 | C12: 2 | D12: 4 | E12: 6 | F12: 3 | G12: 5 | H12: 11 | I12: p1 - i1:i2 | J12: p5 - i2:i4 | K12: p14 - i4:i6 | L12: p131 - i6:i3 | M12: p6 - i3:i5
A13: 12 | B13: 1 | C13: 2 | D13: 4 | E13: 6 | F13: 5 | G13: 3 | H13: 12 | I13: p1 - i1:i2 | J13: p5 - i2:i4 | K13: p14 - i4:i6 | L13: p151 - i6:i5 | M13: p61 - i5:i3
A14: 13 | B14: 1 | C14: 2 | D14: 5 | E14: 3 | F14: 4 | G14: 6 | H14: 13 | I14: p1 - i1:i2 | J14: p7 - i2:i5 | K14: p61 - i5:i3 | L14: p3 - i3:i4 | M14: p14 - i4:i6
... A721: 720 | B721: 6 | C721: 5 | D721: 4 | E721: 3 | F721: 2 | G721: 1 | H721: 720 | I721: p151 - i6:i5 | J721: p41 - i5:i4 | K721: p31 - i4:i3 | L721: p21 - i3:i2 | M721: p11 - i2:i1

Sheet Input and Orientations
A1: User Input | H1: Raw | P1: Ratios | W1: Reference
A2: i1 | B2: i2 | C2: i3 | D2: i4 | E2: i5 | F2: i6 | H2: i1 | I2: i2 | J2: i3 | K2: i4 | L2: i5 | M2: i6 | O2: r1 | P2: =H2 -> i1 | Q2: =I2 -> i2 | R2: =J2 -> i3 | S2: =K2 -> i4 | T2: =L2 -> i5 | U2: =M2 -> i6 | W2: p1 - i1:i2 | X2: p8 - i1:i3 | Y2: p9 - i1:i4 | Z2: p10 - i1:i5 | AA2: p11 - i1:i6
A3: 0 | H3: 0 | I3: =100-H4 -> 50 | J3: =100-H5 -> 31 | K3: =100-H6 -> 64 | L3: =100-H7 -> 76 | M3: =100-H8 -> 53 | P3: 1 | Q3: =I3/H4 -> 1 | R3: =J3/H5 -> 0.44927536 | S3: =K3/H6 -> 1.7777778 | T3: =L3/H7 -> 3.1666667 | U3: =M3/H8 -> 1.1276596 | W3: =$P3/Q3 -> 1 | X3: =$P3/R3 -> 2.2258065 | Y3: =$P3/S3 -> 0.5625 | Z3: =$P3/T3 -> 0.31578947 | AA3: =$P3/U3 -> 0.88679245
A4: 50 | B4: 0 | H4: =A4 -> 50 | I4: 0 | J4: =100-I5 -> 75 | K4: =100-I6 -> 46 | L4: =100-I7 -> 46 | M4: =100-I8 -> 31 | P4: =H4/I3 -> 1 | Q4: 1 | R4: =J4/I5 -> 3 | S4: =K4/I6 -> 0.85185185 | T4: =L4/I7 -> 0.85185185 | U4: =M4/I8 -> 0.44927536 | W4: =$P4/Q4 -> 1 | X4: =$P4/R4 -> 0.33333333 | Y4: =$P4/S4 -> 1.173913 | Z4: =$P4/T4 -> 1.173913 | AA4: =$P4/U4 -> 2.2258065
A5: 69 | B5: 25 | C5: 0 | H5: =A5 -> 69 | I5: =B5 -> 25 | J5: 0 | K5: =100-J6 -> 33 | L5: =100-J7 -> 65 | M5: =100-J8 -> 53 | P5: =H5/J3 -> 2.2258065 | Q5: =I5/J4 -> 0.33333333 | R5: 1 | S5: =K5/J6 -> 0.49253731 | T5: =L5/J7 -> 1.8571429 | U5: =M5/J8 -> 1.1276596 | W5: =$P5/Q5 -> 6.6774194 | X5: =$P5/R5 -> 2.2258065 | Y5: =$P5/S5 -> 4.5190616 | Z5: =$P5/T5 -> 1.1985112 | AA5: =$P5/U5 -> 1.9738284
A6: 36 | B6: 54 | C6: 67 | D6: 0 | H6: =A6 -> 36 | I6: =B6 -> 54 | J6: =C6 -> 67 | K6: 0 | L6: =100-K7 -> 22 | M6: =100-K8 -> 41 | P6: =H6/K3 -> 0.5625 | Q6: =I6/K4 -> 1.173913 | R6: =J6/K5 -> 2.030303 | S6: 1 | T6: =L6/K7 -> 0.28205128 | U6: =M6/K8 -> 0.69491525 | W6: =$P6/Q6 -> 0.47916667 | X6: =$P6/R6 -> 0.27705224 | Y6: =$P6/S6 -> 0.5625 | Z6: =$P6/T6 -> 1.9943182 | AA6: =$P6/U6 -> 0.80945122
A7: 24 | B7: 54 | C7: 35 | D7: 78 | E7: 0 | H7: =A7 -> 24 | I7: =B7 -> 54 | J7: =C7 -> 35 | K7: =D7 -> 78 | L7: 0 | M7: =100-L8 -> 63 | P7: =H7/L3 -> 0.31578947 | Q7: =I7/L4 -> 1.173913 | R7: =J7/L5 -> 0.53846154 | S7: =K7/L6 -> 3.5454545 | T7: 1 | U7: =M7/L8 -> 1.7027027 | W7: =$P7/Q7 -> 0.26900585 | X7: =$P7/R7 -> 0.58646617 | Y7: =$P7/S7 -> 0.089068826 | Z7: =$P7/T7 -> 0.31578947 | AA7: =$P7/U7 -> 0.18546366
A8: 47 | B8: 69 | C8: 47 | D8: 59 | E8: 37 | F8: 0 | H8: =A8 -> 47 | I8: =B8 -> 69 | J8: =C8 -> 47 | K8: =D8 -> 59 | L8: =E8 -> 37 | M8: 0 | P8: =H8/M3 -> 0.88679245 | Q8: =I8/M4 -> 2.2258065 | R8: =J8/M5 -> 0.88679245 | S8: =K8/M6 -> 1.4390244 | T8: =L8/M7 -> 0.58730159 | U8: 1 | W8: =$P8/Q8 -> 0.398414 | X8: =$P8/R8 -> 1 | Y8: =$P8/S8 -> 0.6162456 | Z8: =$P8/T8 -> 1.5099439 | AA8: =$P8/U8 -> 0.88679245
W9: =AVERAGE(W3:W8) -> 1.6373343 | X9: =AVERAGE(X3:X8) -> 1.1080774 | Y9: =AVERAGE(Y3:Y8) -> 1.2538815 | Z9: =AVERAGE(Z3:Z8) -> 1.0847109 | AA9: =AVERAGE(AA3:AA8) -> 1.1613558 | AB9: Average
O11: r2 | P11: =Q2 -> i2 | Q11: =P2 -> i1 | R11: =R2 -> i3 | S11: =S2 -> i4 | T11: =T2 -> i5 | U11: =U2 -> i6 | W11: p11 - i2:i1 | X11: p2 - i2:i3 | Y11: p5 - i2:i4 | Z11: p7 - i2:i5 | AA11: p12 - i2:i6
P12: =Q3 -> 1 | Q12: =P3 -> 1 | R12: =R3 -> 0.44927536 | S12: =S3 -> 1.7777778 | T12: =T3 -> 3.1666667 | U12: =U3 -> 1.1276596 | W12: =$P12/Q12 -> 1 | X12: =$P12/R12 -> 2.2258065 | Y12: =$P12/S12 -> 0.5625 | Z12: =$P12/T12 -> 0.31578947 | AA12: =$P12/U12 -> 0.88679245
P13: =Q4 -> 1 | Q13: =P4 -> 1 | R13: =R4 -> 3 | S13: =S4 -> 0.85185185 | T13: =T4 -> 0.85185185 | U13: =U4 -> 0.44927536 | W13: =$P13/Q13 -> 1 | X13: =$P13/R13 -> 0.33333333 | Y13: =$P13/S13 -> 1.173913 | Z13: =$P13/T13 -> 1.173913 | AA13: =$P13/U13 -> 2.2258065
P14: =Q5 -> 0.33333333 | Q14: =P5 -> 2.2258065 | R14: =R5 -> 1 | S14: =S5 -> 0.49253731 | T14: =T5 -> 1.8571429 | U14: =U5 -> 1.1276596 | W14: =$P14/Q14 -> 0.14975845 | X14: =$P14/R14 -> 0.33333333 | Y14: =$P14/S14 -> 0.67676768 | Z14: =$P14/T14 -> 0.17948718 | AA14: =$P14/U14 -> 0.29559748
P15: =Q6 -> 1.173913 | Q15: =P6 -> 0.5625 | R15: =R6 -> 2.030303 | S15: =S6 -> 1 | T15: =T6 -> 0.28205128 | U15: =U6 -> 0.69491525 | W15: =$P15/Q15 -> 2.0869565 | X15: =$P15/R15 -> 0.57819598 | Y15: =$P15/S15 -> 1.173913 | Z15: =$P15/T15 -> 4.1620553 | AA15: =$P15/U15 -> 1.6892895
P16: =Q7 -> 1.173913 | Q16: =P7 -> 0.31578947 | R16: =R7 -> 0.53846154 | S16: =S7 -> 3.5454545 | T16: =T7 -> 1 | U16: =U7 -> 1.7027027 | W16: =$P16/Q16 -> 3.7173913 | X16: =$P16/R16 -> 2.1801242 | Y16: =$P16/S16 -> 0.33110368 | Z16: =$P16/T16 -> 1.173913 | AA16: =$P16/U16 -> 0.68944099
P17: =Q8 -> 2.2258065 | Q17: =P8 -> 0.88679245 | R17: =R8 -> 0.88679245 | S17: =S8 -> 1.4390244 | T17: =T8 -> 0.58730159 | U17: =U8 -> 1 | W17: =$P17/Q17 -> 2.509952 | X17: =$P17/R17 -> 2.509952 | Y17: =$P17/S17 -> 1.5467469 | Z17: =$P17/T17 -> 3.7898867 | AA17: =$P17/U17 -> 2.2258065
W18: =AVERAGE(W12:W17) -> 1.7440097 | X18: =AVERAGE(X12:X17) -> 1.3601242 | Y18: =AVERAGE(Y12:Y17) -> 0.91082405 | Z18: =AVERAGE(Z12:Z17) -> 1.7991741 | AA18: =AVERAGE(AA12:AA17) -> 1.3354556 | AB18: Average
O20: r3 | P20: =R2 -> i3 | Q20: =P2 -> i1 | R20: =Q2 -> i2 | S20: =S2 -> i4 | T20: =T2 -> i5 | U20: =U2 -> i6 | W20: p81 - i3:i1 | X20: p21 - i3:i2 | Y20: p3 - i3:i4 | Z20: p6 - i3:i5 | AA20: p13 - i3:i6
P21: =R3 -> 0.44927536 | Q21: =P3 -> 1 | R21: =Q3 -> 1 | S21: =S3 -> 1.7777778 | T21: =T3 -> 3.1666667 | U21: =U3 -> 1.1276596 | W21: =$P21/Q21 -> 0.44927536 | X21: =$P21/R21 -> 0.44927536 | Y21: =$P21/S21 -> 0.25271739 | Z21: =$P21/T21 -> 0.14187643 | AA21: =$P21/U21 -> 0.398414
P22: =R4 -> 3 | Q22: =P4 -> 1 | R22: =Q4 -> 1 | S22: =S4 -> 0.85185185 | T22: =T4 -> 0.85185185 | U22: =U4 -> 0.44927536 | W22: =$P22/Q22 -> 3 | X22: =$P22/R22 -> 3 | Y22: =$P22/S22 -> 3.5217391 | Z22: =$P22/T22 -> 3.5217391 | AA22: =$P22/U22 -> 6.6774194
P23: =R5 -> 1 | Q23: =P5 -> 2.2258065 | R23: =Q5 -> 0.33333333 | S23: =S5 -> 0.49253731 | T23: =T5 -> 1.8571429 | U23: =U5 -> 1.1276596 | W23: =$P23/Q23 -> 0.44927536 | X23: =$P23/R23 -> 3 | Y23: =$P23/S23 -> 2.030303 | Z23: =$P23/T23 -> 0.53846154 | AA23: =$P23/U23 -> 0.88679245
P24: =R6 -> 2.030303 | Q24: =P6 -> 0.5625 | R24: =Q6 -> 1.173913 | S24: =S6 -> 1 | T24: =T6 -> 0.28205128 | U24: =U6 -> 0.69491525 | W24: =$P24/Q24 -> 3.6094276 | X24: =$P24/R24 -> 1.7295174 | Y24: =$P24/S24 -> 2.030303 | Z24: =$P24/T24 -> 7.1983471 | AA24: =$P24/U24 -> 2.9216556
P25: =R7 -> 0.53846154 | Q25: =P7 -> 0.31578947 | R25: =Q7 -> 1.173913 | S25: =S7 -> 3.5454545 | T25: =T7 -> 1 | U25: =U7 -> 1.7027027 | W25: =$P25/Q25 -> 1.7051282 | X25: =$P25/R25 -> 0.45868946 | Y25: =$P25/S25 -> 0.15187377 | Z25: =$P25/T25 -> 0.53846154 | AA25: =$P25/U25 -> 0.31623932
P26: =R8 -> 0.88679245 | Q26: =P8 -> 0.88679245 | R26: =Q8 -> 2.2258065 | S26: =S8 -> 1.4390244 | T26: =T8 -> 0.58730159 | U26: =U8 -> 1 | W26: =$P26/Q26 -> 1 | X26: =$P26/R26 -> 0.398414 | Y26: =$P26/S26 -> 0.6162456 | Z26: =$P26/T26 -> 1.5099439 | AA26: =$P26/U26 -> 0.88679245
W27: =AVERAGE(W21:W26) -> 1.7021844 | X27: =AVERAGE(X21:X26) -> 1.5059827 | Y27: =AVERAGE(Y21:Y26) -> 1.4338637 | Z27: =AVERAGE(Z21:Z26) -> 2.2414716 | AA27: =AVERAGE(AA21:AA26) -> 2.0145522 | AB27: Average
O29: r4 | P29: =S2 -> i4 | Q29: =P2 -> i1 | R29: =Q2 -> i2 | S29: =R2 -> i3 | T29: =T2 -> i5 | U29: =U2 -> i6 | W29: p91 - i4:i1 | X29: p51 - i4:i2 | Y29: p31 - i4:i3 | Z29: p4 - i4:i5 | AA29: p14 - i4:i6
P30: =S3 -> 1.7777778 | Q30: =P3 -> 1 | R30: =Q3 -> 1 | S30: =R3 -> 0.44927536 | T30: =T3 -> 3.1666667 | U30: =U3 -> 1.1276596 | W30: =$P30/Q30 -> 1.7777778 | X30: =$P30/R30 -> 1.7777778 | Y30: =$P30/S30 -> 3.9569892 | Z30: =$P30/T30 -> 0.56140351 | AA30: =$P30/U30 -> 1.5765199
P31: =S4 -> 0.85185185 | Q31: =P4 -> 1 | R31: =Q4 -> 1 | S31: =R4 -> 3 | T31: =T4 -> 0.85185185 | U31: =U4 -> 0.44927536 | W31: =$P31/Q31 -> 0.85185185 | X31: =$P31/R31 -> 0.85185185 | Y31: =$P31/S31 -> 0.28395062 | Z31: =$P31/T31 -> 1 | AA31: =$P31/U31 -> 1.8960573
P32: =S5 -> 0.49253731 | Q32: =P5 -> 2.2258065 | R32: =Q5 -> 0.33333333 | S32: =R5 -> 1 | T32: =T5 -> 1.8571429 | U32: =U5 -> 1.1276596 | W32: =$P32/Q32 -> 0.22128488 | X32: =$P32/R32 -> 1.4776119 | Y32: =$P32/S32 -> 0.49253731 | Z32: =$P32/T32 -> 0.2652124 | AA32: =$P32/U32 -> 0.43677837
P33: =S6 -> 1 | Q33: =P6 -> 0.5625 | R33: =Q6 -> 1.173913 | S33: =R6 -> 2.030303 | T33: =T6 -> 0.28205128 | U33: =U6 -> 0.69491525 | W33: =$P33/Q33 -> 1.7777778 | X33: =$P33/R33 -> 0.85185185 | Y33: =$P33/S33 -> 0.49253731 | Z33: =$P33/T33 -> 3.5454545 | AA33: =$P33/U33 -> 1.4390244
P34: =S7 -> 3.5454545 | Q34: =P7 -> 0.31578947 | R34: =Q7 -> 1.173913 | S34: =R7 -> 0.53846154 | T34: =T7 -> 1 | U34: =U7 -> 1.7027027 | W34: =$P34/Q34 -> 11.227273 | X34: =$P34/R34 -> 3.020202 | Y34: =$P34/S34 -> 6.5844156 | Z34: =$P34/T34 -> 3.5454545 | AA34: =$P34/U34 -> 2.0822511
P35: =S8 -> 1.4390244 | Q35: =P8 -> 0.88679245 | R35: =Q8 -> 2.2258065 | S35: =R8 -> 0.88679245 | T35: =T8 -> 0.58730159 | U35: =U8 -> 1 | W35: =$P35/Q35 -> 1.6227296 | X35: =$P35/R35 -> 0.6465182 | Y35: =$P35/S35 -> 1.6227296 | Z35: =$P35/T35 -> 2.4502307 | AA35: =$P35/U35 -> 1.4390244
W36: =AVERAGE(W30:W35) -> 2.9131158 | X36: =AVERAGE(X30:X35) -> 1.4376356 | Y36: =AVERAGE(Y30:Y35) -> 2.23886 | Z36: =AVERAGE(Z30:Z35) -> 1.894626 | AA36: =AVERAGE(AA30:AA35) -> 1.4782759 | AB36: Average
O38: r5 | P38: =T2 -> i5 | Q38: =P2 -> i1 | R38: =Q2 -> i2 | S38: =R2 -> i3 | T38: =S2 -> i4 | U38: =U2 -> i6 | W38: p101 - i5:i1 | X38: p71 - i5:i2 | Y38: p61 - i5:i3 | Z38: p41 - i5:i4 | AA38: p15 - i5:i6
P39: =T3 -> 3.1666667 | Q39: =P3 -> 1 | R39: =Q3 -> 1 | S39: =R3 -> 0.44927536 | T39: =S3 -> 1.7777778 | U39: =U3 -> 1.1276596 | W39: =$P39/Q39 -> 3.1666667 | X39: =$P39/R39 -> 3.1666667 | Y39: =$P39/S39 -> 7.0483871 | Z39: =$P39/T39 -> 1.78125 | AA39: =$P39/U39 -> 2.8081761
P40: =T4 -> 0.85185185 | Q40: =P4 -> 1 | R40: =Q4 -> 1 | S40: =R4 -> 3 | T40: =S4 -> 0.85185185 | U40: =U4 -> 0.44927536 | W40: =$P40/Q40 -> 0.85185185 | X40: =$P40/R40 -> 0.85185185 | Y40: =$P40/S40 -> 0.28395062 | Z40: =$P40/T40 -> 1 | AA40: =$P40/U40 -> 1.8960573
P41: =T5 -> 1.8571429 | Q41: =P5 -> 2.2258065 | R41: =Q5 -> 0.33333333 | S41: =R5 -> 1 | T41: =S5 -> 0.49253731 | U41: =U5 -> 1.1276596 | W41: =$P41/Q41 -> 0.83436853 | X41: =$P41/R41 -> 5.5714286 | Y41: =$P41/S41 -> 1.8571429 | Z41: =$P41/T41 -> 3.7705628 | AA41: =$P41/U41 -> 1.6469003
P42: =T6 -> 0.28205128 | Q42: =P6 -> 0.5625 | R42: =Q6 -> 1.173913 | S42: =R6 -> 2.030303 | T42: =S6 -> 1 | U42: =U6 -> 0.69491525 | W42: =$P42/Q42 -> 0.5014245 | X42: =$P42/R42 -> 0.24026591 | Y42: =$P42/S42 -> 0.13892078 | Z42: =$P42/T42 -> 0.28205128 | AA42: =$P42/U42 -> 0.40587867
P43: =T7 -> 1 | Q43: =P7 -> 0.31578947 | R43: =Q7 -> 1.173913 | S43: =R7 -> 0.53846154 | T43: =S7 -> 3.5454545 | U43: =U7 -> 1.7027027 | W43: =$P43/Q43 -> 3.1666667 | X43: =$P43/R43 -> 0.85185185 | Y43: =$P43/S43 -> 1.8571429 | Z43: =$P43/T43 -> 0.28205128 | AA43: =$P43/U43 -> 0.58730159
P44: =T8 -> 0.58730159 | Q44: =P8 -> 0.88679245 | R44: =Q8 -> 2.2258065 | S44: =R8 -> 0.88679245 | T44: =S8 -> 1.4390244 | U44: =U8 -> 1 | W44: =$P44/Q44 -> 0.66227626 | X44: =$P44/R44 -> 0.26386013 | Y44: =$P44/S44 -> 0.66227626 | Z44: =$P44/T44 -> 0.40812483 | AA44: =$P44/U44 -> 0.58730159
W45: =AVERAGE(W39:W44) -> 1.5305424 | X45: =AVERAGE(X39:X44) -> 1.8243208 | Y45: =AVERAGE(Y39:Y44) -> 1.9746367 | Z45: =AVERAGE(Z39:Z44) -> 1.2540067 | AA45: =AVERAGE(AA39:AA44) -> 1.3219359 | AB45: Average
O47: r6 | P47: =U2 -> i6 | Q47: =P2 -> i1 | R47: =Q2 -> i2 | S47: =R2 -> i3 | T47: =S2 -> i4 | U47: =T2 -> i5 | W47: p111 - i6:i1 | X47: p121 - i6:i2 | Y47: p131 - i6:i3 | Z47: p141 - i6:i4 | AA47: p151 - i6:i5
P48: =U3 -> 1.1276596 | Q48: =P3 -> 1 | R48: =Q3 -> 1 | S48: =R3 -> 0.44927536 | T48: =S3 -> 1.7777778 | U48: =T3 -> 3.1666667 | W48: =$P48/Q48 -> 1.1276596 | X48: =$P48/R48 -> 1.1276596 | Y48: =$P48/S48 -> 2.509952 | Z48: =$P48/T48 -> 0.63430851 | AA48: =$P48/U48 -> 0.35610302
P49: =U4 -> 0.44927536 | Q49: =P4 -> 1 | R49: =Q4 -> 1 | S49: =R4 -> 3 | T49: =S4 -> 0.85185185 | U49: =T4 -> 0.85185185 | W49: =$P49/Q49 -> 0.44927536 | X49: =$P49/R49 -> 0.44927536 | Y49: =$P49/S49 -> 0.14975845 | Z49: =$P49/T49 -> 0.52741021 | AA49: =$P49/U49 -> 0.52741021
P50: =U5 -> 1.1276596 | Q50: =P5 -> 2.2258065 | R50: =Q5 -> 0.33333333 | S50: =R5 -> 1 | T50: =S5 -> 0.49253731 | U50: =T5 -> 1.8571429 | W50: =$P50/Q50 -> 0.50662966 | X50: =$P50/R50 -> 3.3829787 | Y50: =$P50/S50 -> 1.1276596 | Z50: =$P50/T50 -> 2.2894907 | AA50: =$P50/U50 -> 0.60720131
P51: =U6 -> 0.69491525 | Q51: =P6 -> 0.5625 | R51: =Q6 -> 1.173913 | S51: =R6 -> 2.030303 | T51: =S6 -> 1 | U51: =T6 -> 0.28205128 | W51: =$P51/Q51 -> 1.2354049 | X51: =$P51/R51 -> 0.59196485 | Y51: =$P51/S51 -> 0.34227169 | Z51: =$P51/T51 -> 0.69491525 | AA51: =$P51/U51 -> 2.4637904
P52: =U7 -> 1.7027027 | Q52: =P7 -> 0.31578947 | R52: =Q7 -> 1.173913 | S52: =R7 -> 0.53846154 | T52: =S7 -> 3.5454545 | U52: =T7 -> 1 | W52: =$P52/Q52 -> 5.3918919 | X52: =$P52/R52 -> 1.4504505 | Y52: =$P52/S52 -> 3.1621622 | Z52: =$P52/T52 -> 0.48024948 | AA52: =$P52/U52 -> 1.7027027
P53: =U8 -> 1 | Q53: =P8 -> 0.88679245 | R53: =Q8 -> 2.2258065 | S53: =R8 -> 0.88679245 | T53: =S8 -> 1.4390244 | U53: =T8 -> 0.58730159 | W53: =$P53/Q53 -> 1.1276596 | X53: =$P53/R53 -> 0.44927536 | Y53: =$P53/S53 -> 1.1276596 | Z53: =$P53/T53 -> 0.69491525 | AA53: =$P53/U53 -> 1.7027027
W54: =AVERAGE(W48:W53) -> 1.6397535 | X54: =AVERAGE(X48:X53) -> 1.2419341 | Y54: =AVERAGE(Y48:Y53) -> 1.4032439 | Z54: =AVERAGE(Z48:Z53) -> 0.88688156 | AA54: =AVERAGE(AA48:AA53) -> 1.2266517 | AB54: Average

Sheet Vlookup
A1: ='Input and Orientations'!W2 -> p1 - i1:i2 | B1: ='Input and Orientations'!W9 -> 1.6373343
A2: ='Input and Orientations'!X2 -> p8 - i1:i3 | B2: ='Input and Orientations'!X9 -> 1.1080774
A3: ='Input and Orientations'!Y2 -> p9 - i1:i4 | B3: ='Input and Orientations'!Y9 -> 1.2538815
A4: ='Input and Orientations'!Z2 -> p10 - i1:i5 | B4: ='Input and Orientations'!Z9 -> 1.0847109
A5: ='Input and Orientations'!AA2 -> p11 - i1:i6 | B5: ='Input and Orientations'!AA9 -> 1.1613558
A6: ='Input and Orientations'!W11 -> p11 - i2:i1 | B6: ='Input and Orientations'!W18 -> 1.7440097
A7: ='Input and Orientations'!X11 -> p2 - i2:i3 | B7: ='Input and Orientations'!X18 -> 1.3601242
A8: ='Input and Orientations'!Y11 -> p5 - i2:i4 | B8: ='Input and Orientations'!Y18 -> 0.91082405
A9: ='Input and Orientations'!Z11 -> p7 - i2:i5 | B9: ='Input and Orientations'!Z18 -> 1.7991741
A10: ='Input and Orientations'!AA11 -> p12 - i2:i6 | B10: ='Input and Orientations'!AA18 -> 1.3354556
A11: ='Input and Orientations'!W20 -> p81 - i3:i1 | B11: ='Input and Orientations'!W27 -> 1.7021844
A12: ='Input and Orientations'!X20 -> p21 - i3:i2 | B12: ='Input and Orientations'!X27 -> 1.5059827
A13: ='Input and Orientations'!Y20 -> p3 - i3:i4 | B13: ='Input and Orientations'!Y27 -> 1.4338637
A14: ='Input and Orientations'!Z20 -> p6 - i3:i5 | B14: ='Input and Orientations'!Z27 -> 2.2414716
A15: ='Input and Orientations'!AA20 -> p13 - i3:i6 | B15: ='Input and Orientations'!AA27 -> 2.0145522
A16: ='Input and Orientations'!W29 -> p91 - i4:i1 | B16: ='Input and Orientations'!W36 -> 2.9131158
A17: ='Input and Orientations'!X29 -> p51 - i4:i2 | B17: ='Input and Orientations'!X36 -> 1.4376356
A18: ='Input and Orientations'!Y29 -> p31 - i4:i3 | B18: ='Input and Orientations'!Y36 -> 2.23886
A19: ='Input and Orientations'!Z29 -> p4 - i4:i5 | B19: ='Input and Orientations'!Z36 -> 1.894626
A20: ='Input and Orientations'!AA29 -> p14 - i4:i6 | B20: ='Input and Orientations'!AA36 -> 1.4782759
A21: ='Input and Orientations'!W38 -> p101 - i5:i1 | B21: ='Input and Orientations'!W45 -> 1.5305424
A22: ='Input and Orientations'!X38 -> p71 - i5:i2 | B22: ='Input and Orientations'!X45 -> 1.8243208
A23: ='Input and Orientations'!Y38 -> p61 - i5:i3 | B23: ='Input and Orientations'!Y45 -> 1.9746367
A24: ='Input and Orientations'!Z38 -> p41 - i5:i4 | B24: ='Input and Orientations'!Z45 -> 1.2540067
A25: ='Input and Orientations'!AA38 -> p15 - i5:i6 | B25: ='Input and Orientations'!AA45 -> 1.3219359
A26: ='Input and Orientations'!W47 -> p111 - i6:i1 | B26: ='Input and Orientations'!W54 -> 1.6397535
A27: ='Input and Orientations'!X47 -> p121 - i6:i2 | B27: ='Input and Orientations'!X54 -> 1.2419341
A28: ='Input and Orientations'!Y47 -> p131 - i6:i3 | B28: ='Input and Orientations'!Y54 -> 1.4032439
A29: ='Input and Orientations'!Z47 -> p141 - i6:i4 | B29: ='Input and Orientations'!Z54 -> 0.88688156
A30: ='Input and Orientations'!AA47 -> p151 - i6:i5 | B30: ='Input and Orientations'!AA54 -> 1.2266517

Sheet Rankings
B1: Ratios | C1: ='Input and Orientations'!P2 -> i1 | D1: ='Input and Orientations'!Q2 -> i2 | E1: ='Input and Orientations'!R2 -> i3 | F1: ='Input and Orientations'!S2 -> i4 | G1: ='Input and Orientations'!T2 -> i5 | H1: ='Input and Orientations'!U2 -> i6 | I1: sum
B2: i1 | C2: ='Input and Orientations'!P3 -> 1 | D2: ='Input and Orientations'!Q3 -> 1 | E2: ='Input and Orientations'!R3 -> 0.44927536 | F2: ='Input and Orientations'!S3 -> 1.7777778 | G2: ='Input and Orientations'!T3 -> 3.1666667 | H2: ='Input and Orientations'!U3 -> 1.1276596 | I2: =SUM(C2:H2) -> 8.5213794
B3: i2 | C3: ='Input and Orientations'!P4 -> 1 | D3: ='Input and Orientations'!Q4 -> 1 | E3: ='Input and Orientations'!R4 -> 3 | F3: ='Input and Orientations'!S4 -> 0.85185185 | G3: ='Input and Orientations'!T4 -> 0.85185185 | H3: ='Input and Orientations'!U4 -> 0.44927536 | I3: =SUM(C3:H3) -> 7.1529791
B4: i3 | C4: ='Input and Orientations'!P5 -> 2.2258065 | D4: ='Input and Orientations'!Q5 -> 0.33333333 | E4: ='Input and Orientations'!R5 -> 1 | F4: ='Input and Orientations'!S5 -> 0.49253731 | G4: ='Input and Orientations'!T5 -> 1.8571429 | H4: ='Input and Orientations'!U5 -> 1.1276596 | I4: =SUM(C4:H4) -> 7.0364795
B5: i4 | C5: ='Input and Orientations'!P6 -> 0.5625 | D5: ='Input and Orientations'!Q6 -> 1.173913 | E5: ='Input and Orientations'!R6 -> 2.030303 | F5: ='Input and Orientations'!S6 -> 1 | G5: ='Input and Orientations'!T6 -> 0.28205128 | H5: ='Input and Orientations'!U6 -> 0.69491525 | I5: =SUM(C5:H5) -> 5.7436826
B6: i5 | C6: ='Input and Orientations'!P7 -> 0.31578947 | D6: ='Input and Orientations'!Q7 -> 1.173913 | E6: ='Input and Orientations'!R7 -> 0.53846154 | F6: ='Input and Orientations'!S7 -> 3.5454545 | G6: ='Input and Orientations'!T7 -> 1 | H6: ='Input and Orientations'!U7 -> 1.7027027 | I6: =SUM(C6:H6) -> 8.2763213
B7: i6 | C7: ='Input and Orientations'!P8 -> 0.88679245 | D7: ='Input and Orientations'!Q8 -> 2.2258065 | E7: ='Input and Orientations'!R8 -> 0.88679245 | F7: ='Input and Orientations'!S8 -> 1.4390244 | G7: ='Input and Orientations'!T8 -> 0.58730159 | H7: ='Input and Orientations'!U8 -> 1 | I7: =SUM(C7:H7) -> 7.0257173
B9: Vlookup # | G9: Orientations | L9: Raw Weights | Q9: Make sure this row is all 1's (this is needed to get the Sum Raw Weights to equal the Abbas example) | R9: Sum Raw Weights | S9: Normalized
A10: 1 | B10: =Permutations!I2 -> p1 - i1:i2 | C10: =Permutations!J2 -> p2 - i2:i3 | D10: =Permutations!K2 -> p3 - i3:i4 | E10: =Permutations!L2 -> p4 - i4:i5 | F10: =Permutations!M2 -> p15 - i5:i6 | G10: =VLOOKUP(B10,Vlookup!$A$1:$B$30,2,0) -> 1.6373343 | H10: =VLOOKUP(C10,Vlookup!$A$1:$B$30,2,0) -> 1.3601242 | I10: =VLOOKUP(D10,Vlookup!$A$1:$B$30,2,0) -> 1.4338637 | J10: =VLOOKUP(E10,Vlookup!$A$1:$B$30,2,0) -> 1.894626 | K10: =VLOOKUP(F10,Vlookup!$A$1:$B$30,2,0) -> 1.3219359 | L10: =G10*H10*I10*J10*K10 -> 7.9975632 | M10: =H10*I10*J10*K10 -> 4.8845023 | N10: =I10*J10*K10 -> 3.5912178 | O10: =J10*K10 -> 2.5045741 | P10: =K10 -> 1.3219359 | Q10: 1 | R10: =SUM(L10:Q10) -> 21.299793 | S10: =VLOOKUP($A10,Rotations!$A$1:$X$1441,18,0) -> 0.37547609 | T10: =VLOOKUP($A10,Rotations!$A$1:$X$1441,19,0) -> 0.22932158 | U10: =VLOOKUP($A10,Rotations!$A$1:$X$1441,20,0) -> 0.16860341 | V10: =VLOOKUP($A10,Rotations!$A$1:$X$1441,21,0) -> 0.11758678 | W10: =VLOOKUP($A10,Rotations!$A$1:$X$1441,22,0) -> 0.062063322 | X10: =VLOOKUP($A10,Rotations!$A$1:$X$1441,23,0) -> 0.046948812
A11: 2 | B11: =Permutations!I3 -> p1 - i1:i2 | C11: =Permutations!J3 -> p2 - i2:i3 | D11: =Permutations!K3 -> p3 - i3:i4 | E11: =Permutations!L3 -> p14 - i4:i6 | F11: =Permutations!M3 -> p151 - i6:i5 | G11: =VLOOKUP(B11,Vlookup!$A$1:$B$30,2,0) -> 1.6373343 | H11: =VLOOKUP(C11,Vlookup!$A$1:$B$30,2,0) -> 1.3601242 | I11: =VLOOKUP(D11,Vlookup!$A$1:$B$30,2,0) -> 1.4338637 | J11: =VLOOKUP(E11,Vlookup!$A$1:$B$30,2,0) -> 1.4782759 | K11: =VLOOKUP(F11,Vlookup!$A$1:$B$30,2,0) -> 1.2266517 | L11: =G11*H11*I11*J11*K11 -> 5.7902934 | M11: =H11*I11*J11*K11 -> 3.5364149 | N11: =I11*J11*K11 -> 2.6000676 | O11: =J11*K11 -> 1.8133297 | P11: =K11 -> 1.2266517 | Q11: 1 | R11: =SUM(L11:Q11) -> 15.966757 | S11: =VLOOKUP($A11,Rotations!$A$1:$X$1441,18,0) -> 0.3626468 | T11: =VLOOKUP($A11,Rotations!$A$1:$X$1441,19,0) -> 0.2214861 | U11: =VLOOKUP($A11,Rotations!$A$1:$X$1441,20,0) -> 0.16284256 | V11: =VLOOKUP($A11,Rotations!$A$1:$X$1441,21,0) -> 0.11356907 | W11: =VLOOKUP($A11,Rotations!$A$1:$X$1441,22,0) -> 0.062630125 | X11: =VLOOKUP($A11,Rotations!$A$1:$X$1441,23,0) -> 0.076825351
A12: 3 | B12: =Permutations!I4 -> p1 - i1:i2 | C12: =Permutations!J4 -> p2 - i2:i3 | D12: =Permutations!K4 -> p6 - i3:i5 | E12: =Permutations!L4 -> p41 - i5:i4 | F12: =Permutations!M4 -> p14 - i4:i6 | G12: =VLOOKUP(B12,Vlookup!$A$1:$B$30,2,0) -> 1.6373343 | H12: =VLOOKUP(C12,Vlookup!$A$1:$B$30,2,0) -> 1.3601242 | I12: =VLOOKUP(D12,Vlookup!$A$1:$B$30,2,0) -> 2.2414716 | J12: =VLOOKUP(E12,Vlookup!$A$1:$B$30,2,0) -> 1.2540067 | K12: =VLOOKUP(F12,Vlookup!$A$1:$B$30,2,0) -> 1.4782759 | L12: =G12*H12*I12*J12*K12 -> 9.2534681 | M12: =H12*I12*J12*K12 -> 5.6515447 | N12: =I12*J12*K12 -> 4.1551681 | O12: =J12*K12 -> 1.8537679 | P12: =K12 -> 1.4782759 | Q12: 1 | R12: =SUM(L12:Q12) -> 23.392225 | S12: =VLOOKUP($A12,Rotations!$A$1:$X$1441,18,0) -> 0.3955788 | T12: =VLOOKUP($A12,Rotations!$A$1:$X$1441,19,0) -> 0.24159928 | U12: =VLOOKUP($A12,Rotations!$A$1:$X$1441,20,0) -> 0.17763031 | V12: =VLOOKUP($A12,Rotations!$A$1:$X$1441,21,0) -> 0.063195183 | W12: =VLOOKUP($A12,Rotations!$A$1:$X$1441,22,0) -> 0.079247182 | X12: =VLOOKUP($A12,Rotations!$A$1:$X$1441,23,0) -> 0.042749247
A13: 4 | B13: =Permutations!I5 -> p1 - i1:i2 | C13: =Permutations!J5 -> p2 - i2:i3 | D13: =Permutations!K5 -> p6 - i3:i5 | E13: =Permutations!L5 -> p15 - i5:i6 | F13: =Permutations!M5 -> p141 - i6:i4 | G13: =VLOOKUP(B13,Vlookup!$A$1:$B$30,2,0) -> 1.6373343 | H13: =VLOOKUP(C13,Vlookup!$A$1:$B$30,2,0) -> 1.3601242 | I13: =VLOOKUP(D13,Vlookup!$A$1:$B$30,2,0) -> 2.2414716 | J13: =VLOOKUP(E13,Vlookup!$A$1:$B$30,2,0) -> 1.3219359 | K13: =VLOOKUP(F13,Vlookup!$A$1:$B$30,2,0) -> 0.88688156 | L13: =G13*H13*I13*J13*K13 -> 5.8522815 | M13: =H13*I13*J13*K13 -> 3.574274 | N13: =I13*J13*K13 -> 2.6279027 | O13: =J13*K13 -> 1.1724006 | P13: =K13 -> 0.88688156 | Q13: 1 | R13: =SUM(L13:Q13) -> 15.11374 | S13: =VLOOKUP($A13,Rotations!$A$1:$X$1441,18,0) -> 0.38721596 | T13: =VLOOKUP($A13,Rotations!$A$1:$X$1441,19,0) -> 0.23649169 | U13: =VLOOKUP($A13,Rotations!$A$1:$X$1441,20,0) -> 0.17387507 | V13: =VLOOKUP($A13,Rotations!$A$1:$X$1441,21,0) -> 0.066164958 | W13: =VLOOKUP($A13,Rotations!$A$1:$X$1441,22,0) -> 0.077571837 | X13: =VLOOKUP($A13,Rotations!$A$1:$X$1441,23,0) -> 0.058680481
A14: 5 | B14: =Permutations!I6 -> p1 - i1:i2 | C14: =Permutations!J6 -> p2 - i2:i3 | D14: =Permutations!K6 -> p13 - i3:i6 | E14: =Permutations!L6 -> p141 - i6:i4 | F14: =Permutations!M6 -> p4 - i4:i5 | G14: =VLOOKUP(B14,Vlookup!$A$1:$B$30,2,0) -> 1.6373343 | H14: =VLOOKUP(C14,Vlookup!$A$1:$B$30,2,0) -> 1.3601242 | I14: =VLOOKUP(D14,Vlookup!$A$1:$B$30,2,0) -> 2.0145522 | J14: =VLOOKUP(E14,Vlookup!$A$1:$B$30,2,0) -> 0.88688156 | K14: =VLOOKUP(F14,Vlookup!$A$1:$B$30,2,0) -> 1.894626 | L14: =G14*H14*I14*J14*K14 -> 7.5384762 | M14: =H14*I14*J14*K14 -> 4.6041154 | N14: =I14*J14*K14 -> 3.3850698 | O14: =J14*K14 -> 1.6803088 | P14: =K14 -> 1.894626 | Q14: 1 | R14: =SUM(L14:Q14) -> 20.102596 | S14: =VLOOKUP($A14,Rotations!$A$1:$X$1441,18,0) -> 0.37500013 | T14: =VLOOKUP($A14,Rotations!$A$1:$X$1441,19,0) -> 0.22903089 | U14: =VLOOKUP($A14,Rotations!$A$1:$X$1441,20,0) -> 0.16838968 | V14: =VLOOKUP($A14,Rotations!$A$1:$X$1441,21,0) -> 0.094247824 | W14: =VLOOKUP($A14,Rotations!$A$1:$X$1441,22,0) -> 0.049744819 | X14: =VLOOKUP($A14,Rotations!$A$1:$X$1441,23,0) -> 0.083586657
A15: 6 | B15: =Permutations!I7 -> p1 - i1:i2 | C15: =Permutations!J7 -> p2 - i2:i3 | D15: =Permutations!K7 -> p13 - i3:i6 | E15: =Permutations!L7 -> p151 - i6:i5 | F15: =Permutations!M7 -> p41 - i5:i4 | G15: =VLOOKUP(B15,Vlookup!$A$1:$B$30,2,0) -> 1.6373343 | H15: =VLOOKUP(C15,Vlookup!$A$1:$B$30,2,0) -> 1.3601242 | I15: =VLOOKUP(D15,Vlookup!$A$1:$B$30,2,0) -> 2.0145522 | J15: =VLOOKUP(E15,Vlookup!$A$1:$B$30,2,0) -> 1.2266517 | K15: =VLOOKUP(F15,Vlookup!$A$1:$B$30,2,0) -> 1.2540067 | L15: =G15*H15*I15*J15*K15 -> 6.9010566 | M15: =H15*I15*J15*K15 -> 4.2148122 | N15: =I15*J15*K15 -> 3.0988436 | O15: =J15*K15 -> 1.5382295 | P15: =K15 -> 1.2540067 | Q15: 1 | R15: =SUM(L15:Q15) -> 18.006949 | S15: =VLOOKUP($A15,Rotations!$A$1:$X$1441,18,0) -> 0.38324409 | T15: =VLOOKUP($A15,Rotations!$A$1:$X$1441,19,0) -> 0.23406588 | U15: =VLOOKUP($A15,Rotations!$A$1:$X$1441,20,0) -> 0.17209154 | V15: =VLOOKUP($A15,Rotations!$A$1:$X$1441,21,0) -> 0.055534118 | W15: =VLOOKUP($A15,Rotations!$A$1:$X$1441,22,0) -> 0.069640155 | X15: =VLOOKUP($A15,Rotations!$A$1:$X$1441,23,0) -> 0.085424217
A16: 7 | B16: =Permutations!I8 -> p1 - i1:i2 | C16: =Permutations!J8 -> p5 - i2:i4 | D16: =Permutations!K8 -> p31 - i4:i3 | E16: =Permutations!L8 -> p6 - i3:i5 | F16: =Permutations!M8 -> p15 - i5:i6 | G16: =VLOOKUP(B16,Vlookup!$A$1:$B$30,2,0) -> 1.6373343 | H16: =VLOOKUP(C16,Vlookup!$A$1:$B$30,2,0) -> 0.91082405 | I16: =VLOOKUP(D16,Vlookup!$A$1:$B$30,2,0) -> 2.23886 | J16: =VLOOKUP(E16,Vlookup!$A$1:$B$30,2,0) -> 2.2414716 | K16: =VLOOKUP(F16,Vlookup!$A$1:$B$30,2,0) -> 1.3219359 | L16: =G16*H16*I16*J16*K16 -> 9.8933285 | M16: =H16*I16*J16*K16 -> 6.0423387 | N16: =I16*J16*K16 -> 6.6339253 | O16: =J16*K16 -> 2.9630819 | P16: =K16 -> 1.3219359 | Q16: 1 | R16: =SUM(L16:Q16) -> 27.85461 | S16: =VLOOKUP($A16,Rotations!$A$1:$X$1441,18,0) -> 0.35517742 | T16: =VLOOKUP($A16,Rotations!$A$1:$X$1441,19,0) -> 0.21692419 | U16: =VLOOKUP($A16,Rotations!$A$1:$X$1441,20,0) -> 0.10637671 | V16: =VLOOKUP($A16,Rotations!$A$1:$X$1441,21,0) -> 0.23816256 | W16: =VLOOKUP($A16,Rotations!$A$1:$X$1441,22,0) -> 0.047458425 | X16: =VLOOKUP($A16,Rotations!$A$1:$X$1441,23,0) -> 0.0359007
A17: 8 | B17: =Permutations!I9 -> p1 - i1:i2 | C17: =Permutations!J9 -> p5 - i2:i4 | D17: =Permutations!K9 -> p31 - i4:i3 | E17: =Permutations!L9 -> p13 - i3:i6 | F17: =Permutations!M9 -> p151 - i6:i5 | G17: =VLOOKUP(B17,Vlookup!$A$1:$B$30,2,0) -> 1.6373343 | H17: =VLOOKUP(C17,Vlookup!$A$1:$B$30,2,0) -> 0.91082405 | I17: =VLOOKUP(D17,Vlookup!$A$1:$B$30,2,0) -> 2.23886 | J17: =VLOOKUP(E17,Vlookup!$A$1:$B$30,2,0) -> 2.0145522 | K17: =VLOOKUP(F17,Vlookup!$A$1:$B$30,2,0) -> 1.2266517 | L17: =G17*H17*I17*J17*K17 -> 8.2508479 | M17: =H17*I17*J17*K17 -> 5.0391956 | N17: =I17*J17*K17 -> 5.5325676 | O17: =J17*K17 -> 2.4711539 | P17: =K17 -> 1.2266517 | Q17: 1 | R17: =SUM(L17:Q17) -> 23.520417 | S17: =VLOOKUP($A17,Rotations!$A$1:$X$1441,18,0) -> 0.35079514 | T17: =VLOOKUP($A17,Rotations!$A$1:$X$1441,19,0) -> 0.21424772 | U17: =VLOOKUP($A17,Rotations!$A$1:$X$1441,20,0) -> 0.10506421 | V17: =VLOOKUP($A17,Rotations!$A$1:$X$1441,21,0) -> 0.23522405 | W17: =VLOOKUP($A17,Rotations!$A$1:$X$1441,22,0) -> 0.042516253 | X17: =VLOOKUP($A17,Rotations!$A$1:$X$1441,23,0) -> 0.052152636
A18: 9 | B18: =Permutations!I10 -> p1 - i1:i2 | C18: =Permutations!J10 -> p5 - i2:i4 | D18: =Permutations!K10 -> p4 - i4:i5 | E18: =Permutations!L10 -> p61 - i5:i3 | F18: =Permutations!M10 -> p13 - i3:i6 | G18: =VLOOKUP(B18,Vlookup!$A$1:$B$30,2,0) -> 1.6373343 | H18: =VLOOKUP(C18,Vlookup!$A$1:$B$30,2,0) -> 0.91082405 | I18: =VLOOKUP(D18,Vlookup!$A$1:$B$30,2,0) -> 1.894626 | J18: =VLOOKUP(E18,Vlookup!$A$1:$B$30,2,0) -> 1.9746367 | K18: =VLOOKUP(F18,Vlookup!$A$1:$B$30,2,0) -> 2.0145522 | L18: =G18*H18*I18*J18*K18 -> 11.239864 | M18: =H18*I18*J18*K18 -> 6.8647339 | N18: =I18*J18*K18 -> 7.5368387 | O18: =J18*K18 -> 3.9780088 | P18: =K18 -> 2.0145522 | Q18: 1 | R18: =SUM(L18:Q18) -> 32.633998 | S18: =VLOOKUP($A18,Rotations!$A$1:$X$1441,18,0) -> 0.34442192 | T18: =VLOOKUP($A18,Rotations!$A$1:$X$1441,19,0) -> 0.21035528 | U18: =VLOOKUP($A18,Rotations!$A$1:$X$1441,20,0) -> 0.061731701 | V18: =VLOOKUP($A18,Rotations!$A$1:$X$1441,21,0) -> 0.23095052 | W18: =VLOOKUP($A18,Rotations!$A$1:$X$1441,22,0) -> 0.12189768 | X18: =VLOOKUP($A18,Rotations!$A$1:$X$1441,23,0) -> 0.03064289
A19: 10 | B19: =Permutations!I11 -> p1 - i1:i2 | C19: =Permutations!J11 -> p5 - i2:i4 | D19: =Permutations!K11 -> p4 - i4:i5 | E19: =Permutations!L11 -> p15 - i5:i6 | F19: =Permutations!M11 -> p131 - i6:i3 | G19: =VLOOKUP(B19,Vlookup!$A$1:$B$30,2,0) -> 1.6373343 | H19: =VLOOKUP(C19,Vlookup!$A$1:$B$30,2,0) -> 0.91082405 | I19: =VLOOKUP(D19,Vlookup!$A$1:$B$30,2,0) -> 1.894626 | J19: =VLOOKUP(E19,Vlookup!$A$1:$B$30,2,0) -> 1.3219359 | K19: =VLOOKUP(F19,Vlookup!$A$1:$B$30,2,0) -> 1.4032439 | L19: =G19*H19*I19*J19*K19 -> 5.2412986 | M19: =H19*I19*J19*K19 -> 3.201117 | N19: =I19*J19*K19 -> 3.5145284 | O19: =J19*K19 -> 1.8549985 | P19: =K19 -> 1.4032439 | Q19: 1 | R19: =SUM(L19:Q19) -> 16.215186 | S19: =VLOOKUP($A19,Rotations!$A$1:$X$1441,18,0) -> 0.32323394 | T19: =VLOOKUP($A19,Rotations!$A$1:$X$1441,19,0) -> 0.19741475 | U19: =VLOOKUP($A19,Rotations!$A$1:$X$1441,20,0) -> 0.061670583 | V19: =VLOOKUP($A19,Rotations!$A$1:$X$1441,21,0) -> 0.21674301 | W19: =VLOOKUP($A19,Rotations!$A$1:$X$1441,22,0) -> 0.11439884 | X19: =VLOOKUP($A19,Rotations!$A$1:$X$1441,23,0) -> 0.08653887
A20: 11 | B20: =Permutations!I12 -> p1 - i1:i2 | C20: =Permutations!J12 -> p5 - i2:i4 | D20: =Permutations!K12 -> p14 - i4:i6 | E20: =Permutations!L12 -> p131 - i6:i3 | F20: =Permutations!M12 -> p6 - i3:i5 | G20: =VLOOKUP(B20,Vlookup!$A$1:$B$30,2,0) -> 1.6373343 | H20: =VLOOKUP(C20,Vlookup!$A$1:$B$30,2,0) -> 0.91082405 | I20: =VLOOKUP(D20,Vlookup!$A$1:$B$30,2,0) -> 1.4782759 | J20: =VLOOKUP(E20,Vlookup!$A$1:$B$30,2,0) -> 1.4032439 | K20: =VLOOKUP(F20,Vlookup!$A$1:$B$30,2,0) -> 2.2414716 | L20: =G20*H20*I20*J20*K20 -> 6.9341584 | M20: =H20*I20*J20*K20 -> 4.2350291 | N20: =I20*J20*K20 -> 4.6496676 | O20: =J20*K20 -> 3.1453314 | P20: =K20 -> 2.2414716 | Q20: 1 | R20: =SUM(L20:Q20) -> 22.205658 | S20: =VLOOKUP($A20,Rotations!$A$1:$X$1441,18,0) -> 0.31226989 | T20: =VLOOKUP($A20,Rotations!$A$1:$X$1441,19,0) -> 0.19071847 | U20: =VLOOKUP($A20,Rotations!$A$1:$X$1441,20,0) -> 0.10094146 | V20: =VLOOKUP($A20,Rotations!$A$1:$X$1441,21,0) -> 0.20939112 | W20: =VLOOKUP($A20,Rotations!$A$1:$X$1441,22,0) -> 0.045033567 | X20: =VLOOKUP($A20,Rotations!$A$1:$X$1441,23,0) -> 0.14164549
A21: 12 | B21: =Permutations!I13 -> p1 - i1:i2 | C21: =Permutations!J13 -> p5 - i2:i4 | D21: =Permutations!K13 -> p14 - i4:i6 | E21: =Permutations!L13 -> p151 - i6:i5 | F21: =Permutations!M13 -> p61 - i5:i3 | G21: =VLOOKUP(B21,Vlookup!$A$1:$B$30,2,0) -> 1.6373343 | H21: =VLOOKUP(C21,Vlookup!$A$1:$B$30,2,0) -> 0.91082405 | I21: =VLOOKUP(D21,Vlookup!$A$1:$B$30,2,0) -> 1.4782759 | J21: =VLOOKUP(E21,Vlookup!$A$1:$B$30,2,0) -> 1.2266517 | K21: =VLOOKUP(F21,Vlookup!$A$1:$B$30,2,0) -> 1.9746367 | L21: =G21*H21*I21*J21*K21 -> 5.3399334 | M21: =H21*I21*J21*K21 -> 3.2613581 | N21: =I21*J21*K21 -> 3.5806675 | O21: =J21*K21 -> 2.4221916 | P21: =K21 -> 1.9746367 | Q21: 1 | R21: =SUM(L21:Q21) -> 17.578787 | S21: =VLOOKUP($A21,Rotations!$A$1:$X$1441,18,0) -> 0.30377144 | T21: =VLOOKUP($A21,Rotations!$A$1:$X$1441,19,0) -> 0.18552805 | U21: =VLOOKUP($A21,Rotations!$A$1:$X$1441,20,0) -> 0.056886745 | V21: =VLOOKUP($A21,Rotations!$A$1:$X$1441,21,0) -> 0.20369252 | W21: =VLOOKUP($A21,Rotations!$A$1:$X$1441,22,0) -> 0.11233066 | X21: =VLOOKUP($A21,Rotations!$A$1:$X$1441,23,0) -> 0.1377906
... A729: 720 | B729: =Permutations!I721 -> p151 - i6:i5 | C729: =Permutations!J721 -> p41 - i5:i4 | D729: =Permutations!K721 -> p31 - i4:i3 | E729: =Permutations!L721 -> p21 - i3:i2 | F729: =Permutations!M721 -> p11 - i2:i1 | G729: =VLOOKUP(B729,Vlookup!$A$1:$B$30,2,0) -> 1.2266517 | H729: =VLOOKUP(C729,Vlookup!$A$1:$B$30,2,0) -> 1.2540067 | I729: =VLOOKUP(D729,Vlookup!$A$1:$B$30,2,0) -> 2.23886 | J729: =VLOOKUP(E729,Vlookup!$A$1:$B$30,2,0) -> 1.5059827 | K729: =VLOOKUP(F729,Vlookup!$A$1:$B$30,2,0) -> 1.7440097 | L729: =G729*H729*I729*J729*K729 -> 9.0451743 | M729: =H729*I729*J729*K729 -> 7.3738732 | N729: =I729*J729*K729 -> 5.8802503 | O729: =J729*K729 -> 2.6264485 | P729: =K729 -> 1.7440097 | Q729: 1 | R729: =SUM(L729:Q729) -> 27.669756 | S729: =VLOOKUP($A729,Rotations!$A$1:$X$1441,18,0) -> 0.036140543 | T729: =VLOOKUP($A729,Rotations!$A$1:$X$1441,19,0) -> 0.063029458 | U729: =VLOOKUP($A729,Rotations!$A$1:$X$1441,20,0) -> 0.094921273 | V729: =VLOOKUP($A729,Rotations!$A$1:$X$1441,21,0) -> 0.21251544 | W729: =VLOOKUP($A729,Rotations!$A$1:$X$1441,22,0) -> 0.26649578 | X729: =VLOOKUP($A729,Rotations!$A$1:$X$1441,23,0) -> 0.32689751
S730: A | T730: B | U730: C | V730: D | W730: E | X730: F
S731: =AVERAGE(S10:S729) -> 0.14169146 | T731: =AVERAGE(T10:T729) -> 0.16063063 | U731: =AVERAGE(U10:U729) -> 0.17277553 | V731: =AVERAGE(V10:V729) -> 0.20300983 | W731: =AVERAGE(W10:W729) -> 0.16468822 | X731: =AVERAGE(X10:X729) -> 0.15720432 | Y731: average score
S732: =STDEV(S10:S729) -> 0.098387721 | T732: =STDEV(T10:T729) -> 0.10779912 | U732: =STDEV(U10:U729) -> 0.1166402 | V732: =STDEV(V10:V729) -> 0.13060294 | W732: =STDEV(W10:W729) -> 0.11206995 | X732: =STDEV(X10:X729) -> 0.10381082 | Y732: std dev
X733: =AVERAGE(S732:X732) -> 0.11155179 | Y733: HDM Inconsistency
S734: =S732*S732 -> 0.0096801436 | T734: =T732*T732 -> 0.01162065 | U734: =U732*U732 -> 0.013604936 | V734: =V732*V732 -> 0.017057127 | W734: =W732*W732 -> 0.012559674 | X734: =X732*X732 -> 0.010776686 | Y734: std dev squared
X735: =S734+T734+U734+V734+W734+X734 -> 0.075299217 | Y735: std dev squared summed
X736: =SQRT(X735) -> 0.27440703 | Y736: square root (of std dev squared summed) to lookup in RSV table

Sheet Rotations
C1: Raw Weights | K1: Before Normalization | R1: Normalized
C2: A | D2: B | E2: C | F2: D | G2: E | H2: F | I2: Sum | K2: A | L2: B | M2: C | N2: D | O2: E | P2: F | R2: A | S2: B | T2: C | U2: D | V2: E | W2: F | X2: Sum
A3: 1 | B3: abcdef | C3: =Rankings!L10 -> 7.9975632 | D3: =Rankings!M10 -> 4.8845023 | E3: =Rankings!N10 -> 3.5912178 | F3: =Rankings!O10 -> 2.5045741 | G3: =Rankings!P10 -> 1.3219359 | H3: =Rankings!Q10 -> 1 | I3: =Rankings!R10 -> 21.299793 | K3: =C3 -> 7.9975632 | L3: =D3 -> 4.8845023 | M3: =E3 -> 3.5912178 | N3: =F3 -> 2.5045741 | O3: =G3 -> 1.3219359 | P3: =H3 -> 1 | R3: =K3/$I3 -> 0.37547609 | S3: =L3/$I3 -> 0.22932158 | T3: =M3/$I3 -> 0.16860341 | U3: =N3/$I3 -> 0.11758678 | V3: =O3/$I3 -> 0.062063322 | W3: =P3/$I3 -> 0.046948812 | X3: =SUM(R3:W3) -> 1
C4: A | D4: B | E4: C | F4: D | G4: F | H4: E | K4: A | L4: B | M4: C | N4: D | O4: E | P4: F
A5: 2 | B5: abcdfe | C5: =Rankings!L11 -> 5.7902934 | D5: =Rankings!M11 -> 3.5364149 | E5: =Rankings!N11 -> 2.6000676 | F5: =Rankings!O11 -> 1.8133297 | G5: =Rankings!P11 -> 1.2266517 | H5: =Rankings!Q11 -> 1 | I5: =Rankings!R11 -> 15.966757 | K5: =C5 -> 5.7902934 | L5: =D5 -> 3.5364149 | M5: =E5 -> 2.6000676 | N5: =F5 -> 1.8133297 | O5: =H5 -> 1 | P5: =G5 -> 1.2266517 | R5: =K5/$I5 -> 0.3626468 | S5: =L5/$I5 -> 0.2214861 | T5: =M5/$I5 -> 0.16284256 | U5: =N5/$I5 -> 0.11356907 | V5: =O5/$I5 -> 0.062630125 | W5: =P5/$I5 -> 0.076825351 | X5: =SUM(R5:W5) -> 1
C6: A | D6: B | E6: C | F6: E | G6: D | H6: F | K6: A | L6: B | M6: C | N6: D | O6: E | P6: F
A7: 3 | B7: abcedf | C7: =Rankings!L12 -> 9.2534681 | D7: =Rankings!M12 -> 5.6515447 | E7: =Rankings!N12 -> 4.1551681 | F7: =Rankings!O12 -> 1.8537679 | G7: =Rankings!P12 -> 1.4782759 | H7: =Rankings!Q12 -> 1 | I7: =Rankings!R12 -> 23.392225 | K7: =C7 -> 9.2534681 | L7: =D7 -> 5.6515447 | M7: =E7 -> 4.1551681 | N7: =G7 -> 1.4782759 | O7: =F7 -> 1.8537679 | P7: =H7 -> 1 | R7: =K7/$I7 -> 0.3955788 | S7: =L7/$I7 -> 0.24159928 | T7: =M7/$I7 -> 0.17763031 | U7: =N7/$I7 -> 0.063195183 | V7: =O7/$I7 -> 0.079247182 | W7: =P7/$I7 -> 0.042749247 | X7: =SUM(R7:W7) -> 1
C8: A | D8: B | E8: C | F8: E | G8: F | H8: D | K8: A | L8: B | M8: C | N8: D | O8: E | P8: F
A9: 4 | B9: abcefd | C9: =Rankings!L13 -> 5.8522815 | D9: =Rankings!M13 -> 3.574274 | E9: =Rankings!N13 -> 2.6279027 | F9: =Rankings!O13 -> 1.1724006 | G9: =Rankings!P13 -> 0.88688156 | H9: =Rankings!Q13 -> 1 | I9: =Rankings!R13 -> 15.11374 | K9: =C9 -> 5.8522815 | L9: =D9 -> 3.574274 | M9: =E9 -> 2.6279027 | N9: =H9 -> 1 | O9: =F9 -> 1.1724006 | P9: =G9 -> 0.88688156 | R9: =K9/$I9 -> 0.38721596 | S9: =L9/$I9 -> 0.23649169 | T9: =M9/$I9 -> 0.17387507 | U9: =N9/$I9 -> 0.066164958 | V9: =O9/$I9 -> 0.077571837 | W9: =P9/$I9 -> 0.058680481 | X9: =SUM(R9:W9) -> 1
C10: A | D10: B | E10: C | F10: F | G10: D | H10: E | K10: A | L10: B | M10: C | N10: D | O10: E | P10: F
A11: 5 | B11: abcfde | C11: =Rankings!L14 -> 7.5384762 | D11: =Rankings!M14 -> 4.6041154 | E11: =Rankings!N14 -> 3.3850698 | F11: =Rankings!O14 -> 1.6803088 | G11: =Rankings!P14 -> 1.894626 | H11: =Rankings!Q14 -> 1 | I11: =Rankings!R14 -> 20.102596 | K11: =C11 -> 7.5384762 | L11: =D11 -> 4.6041154 | M11: =E11 -> 3.3850698 | N11: =G11 -> 1.894626 | O11: =H11 -> 1 | P11: =F11 -> 1.6803088 | R11: =K11/$I11 -> 0.37500013 | S11: =L11/$I11 -> 0.22903089 | T11: =M11/$I11 -> 0.16838968 | U11: =N11/$I11 -> 0.094247824 | V11: =O11/$I11 -> 0.049744819 | W11: =P11/$I11 -> 0.083586657 | X11: =SUM(R11:W11) -> 1
C12: A | D12: B | E12: C | F12: F | G12: E | H12: D | K12: A | L12: B | M12: C | N12: D | O12: E | P12: F
A13: 6 | B13: abcfed | C13: =Rankings!L15 -> 6.9010566 | D13: =Rankings!M15 -> 4.2148122 | E13: =Rankings!N15 -> 3.0988436 | F13: =Rankings!O15 -> 1.5382295 | G13: =Rankings!P15 -> 1.2540067 | H13: =Rankings!Q15 -> 1 | I13: =Rankings!R15 -> 18.006949 | K13: =C13 -> 6.9010566 | L13: =D13 -> 4.2148122 | M13: =E13 -> 3.0988436 | N13: =H13 -> 1 | O13: =G13 -> 1.2540067 | P13: =F13 -> 1.5382295 | R13: =K13/$I13 -> 0.38324409 | S13: =L13/$I13 -> 0.23406588 | T13: =M13/$I13 -> 0.17209154 | U13: =N13/$I13 -> 0.055534118 | V13: =O13/$I13 -> 0.069640155 | W13: =P13/$I13 -> 0.085424217 | X13: =SUM(R13:W13) -> 1
C14: A | D14: B | E14: D | F14: C | G14: E | H14: F | K14: A | L14: B | M14: C | N14: D | O14: E | P14: F
A15: 7 | B15: abdcef | C15: =Rankings!L16 -> 9.8933285 | D15: =Rankings!M16 -> 6.0423387 | E15: =Rankings!N16 -> 6.6339253 | F15: =Rankings!O16 -> 2.9630819 | G15: =Rankings!P16 -> 1.3219359 | H15: =Rankings!Q16 -> 1 | I15: =Rankings!R16 -> 27.85461 | K15: =C15 -> 9.8933285 | L15: =D15 -> 6.0423387 | M15: =F15 -> 2.9630819 | N15: =E15 -> 6.6339253 | O15: =G15 -> 1.3219359 | P15: =H15 -> 1 | R15: =K15/$I15 -> 0.35517742 | S15: =L15/$I15 -> 0.21692419 | T15: =M15/$I15 -> 0.10637671 | U15: =N15/$I15 -> 0.23816256 | V15: =O15/$I15 -> 0.047458425 | W15: =P15/$I15 -> 0.0359007 | X15: =SUM(R15:W15) -> 1
C16: A | D16: B | E16: D | F16: C | G16: F | H16: E | K16: A | L16: B | M16: C | N16: D | O16: E | P16: F
A17: 8 | B17: abdcfe | C17: =Rankings!L17 -> 8.2508479 | D17: =Rankings!M17 -> 5.0391956 | E17: =Rankings!N17 -> 5.5325676 | F17: =Rankings!O17 -> 2.4711539 | G17: =Rankings!P17 -> 1.2266517 | H17: =Rankings!Q17 -> 1 | I17: =Rankings!R17 -> 23.520417 | K17: =C17 -> 8.2508479 | L17: =D17 -> 5.0391956 | M17: =F17 -> 2.4711539 | N17: =E17 -> 5.5325676 | O17: =H17 -> 1 | P17: =G17 -> 1.2266517 | R17: =K17/$I17 -> 0.35079514 | S17: =L17/$I17 -> 0.21424772 | T17: =M17/$I17 -> 0.10506421 | U17: =N17/$I17 -> 0.23522405 | V17: =O17/$I17 -> 0.042516253 | W17: =P17/$I17 -> 0.052152636 | X17: =SUM(R17:W17) -> 1
C18: A | D18: B | E18: D | F18: E | G18: C | H18: F | K18: A | L18: B | M18: C | N18: D | O18: E | P18: F
A19: 9 | B19: abdecf | C19: =Rankings!L18 -> 11.239864 | D19: =Rankings!M18 -> 6.8647339 | E19: =Rankings!N18 -> 7.5368387 | F19: =Rankings!O18 -> 3.9780088 | G19: =Rankings!P18 -> 2.0145522 | H19: =Rankings!Q18 -> 1 | I19: =Rankings!R18 -> 32.633998 | K19: =C19 -> 11.239864 | L19: =D19 -> 6.8647339 | M19: =G19 -> 2.0145522 | N19: =E19 -> 7.5368387 | O19: =F19 -> 3.9780088 | P19: =H19 -> 1 | R19: =K19/$I19 -> 0.34442192 | S19: =L19/$I19 -> 0.21035528 | T19: =M19/$I19 -> 0.061731701 | U19: =N19/$I19 -> 0.23095052 | V19: =O19/$I19 -> 0.12189768 | W19: =P19/$I19 -> 0.03064289 | X19: =SUM(R19:W19) -> 1
C20: A | D20: B | E20: D | F20: E | G20: F | H20: C | K20: A | L20: B | M20: C | N20: D | O20: E | P20: F
A21: 10 | B21: abdefc | C21: =Rankings!L19 -> 5.2412986 | D21: =Rankings!M19 -> 3.201117 | E21: =Rankings!N19 -> 3.5145284 | F21: =Rankings!O19 -> 1.8549985 | G21: =Rankings!P19 -> 1.4032439 | H21: =Rankings!Q19 -> 1 | I21: =Rankings!R19 -> 16.215186 | K21: =C21 -> 5.2412986 | L21: =D21 -> 3.201117 | M21: =H21 -> 1 | N21: =E21 -> 3.5145284 | O21: =F21 -> 1.8549985 | P21: =G21 -> 1.4032439 | R21: =K21/$I21 -> 0.32323394 | S21: =L21/$I21 -> 0.19741475 | T21: =M21/$I21 -> 0.061670583 | U21: =N21/$I21 -> 0.21674301 | V21: =O21/$I21 -> 0.11439884 | W21: =P21/$I21 -> 0.08653887 | X21: =SUM(R21:W21) -> 1
C22: A | D22: B | E22: D | F22: F | G22: C | H22: E | K22: A | L22: B | M22: C | N22: D | O22: E | P22: F
A23: 11 | B23: abdfce | C23: =Rankings!L20 -> 6.9341584 | D23: =Rankings!M20 -> 4.2350291 | E23: =Rankings!N20 -> 4.6496676 | F23: =Rankings!O20 -> 3.1453314 | G23: =Rankings!P20 -> 2.2414716 | H23: =Rankings!Q20 -> 1 | I23: =Rankings!R20 -> 22.205658 | K23: =C23 -> 6.9341584 | L23: =D23 -> 4.2350291 | M23: =G23 -> 2.2414716 | N23: =E23 -> 4.6496676 | O23: =H23 -> 1 | P23: =F23 -> 3.1453314 | R23: =K23/$I23 -> 0.31226989 | S23: =L23/$I23 -> 0.19071847 | T23: =M23/$I23 -> 0.10094146 | U23: =N23/$I23 -> 0.20939112 | V23: =O23/$I23 -> 0.045033567 | W23: =P23/$I23 -> 0.14164549 | X23: =SUM(R23:W23) -> 1
C24: A | D24: B | E24: D | F24: F | G24: E | H24: C | K24: A | L24: B | M24: C | N24: D | O24: E | P24: F
A25: 12 | B25: abdfec | C25: =Rankings!L21 -> 5.3399334 | D25: =Rankings!M21 -> 3.2613581 | E25: =Rankings!N21 -> 3.5806675 | F25: =Rankings!O21 -> 2.4221916 | G25: =Rankings!P21 -> 1.9746367 | H25: =Rankings!Q21 -> 1 | I25: =Rankings!R21 -> 17.578787 | K25: =C25 -> 5.3399334 | L25: =D25 -> 3.2613581 | M25: =H25 -> 1 | N25: =E25 -> 3.5806675 | O25: =G25 -> 1.9746367 | P25: =F25 -> 2.4221916 | R25: =K25/$I25 -> 0.30377144 | S25: =L25/$I25 -> 0.18552805 | T25: =M25/$I25 -> 0.056886745 | U25: =N25/$I25 -> 0.20369252 | V25: =O25/$I25 -> 0.11233066 | W25: =P25/$I25 -> 0.1377906 | X25: =SUM(R25:W25) -> 1
C26: A | D26: B | E26: E | F26: C | G26: D | H26: F | K26: A | L26: B | M26: C | N26: D | O26: E | P26: F
A27: 13 | B27: abecdf | C27: =Rankings!L22 -> 12.329945 | D27: =Rankings!M22 -> 7.5304992 | E27: =Rankings!N22 -> 4.1855311 | F27: =Rankings!O22 -> 2.1196461 | G27: =Rankings!P22 -> 1.4782759 | H27: =Rankings!Q22 -> 1 | I27: =Rankings!R22 -> 28.643897 | K27: =C27 -> 12.329945 | L27: =D27 -> 7.5304992 | M27: =F27 -> 2.1196461 | N27: =G27 -> 1.4782759 | O27: =E27 -> 4.1855311 | P27: =H27 -> 1 | R27: =K27/$I27 -> 0.43045626 | S27: =L27/$I27 -> 0.26290065 | T27: =M27/$I27 -> 0.07399992 | U27: =N27/$I27 -> 0.051608757 | V27: =O27/$I27 -> 0.14612296 | W27: =P27/$I27 -> 0.034911451 | X27: =SUM(R27:W27) -> 1
C28: A | D28: B | E28: E | F28: C | G28: F | H28: D | K28: A | L28: B | M28: C | N28: D | O28: E | P28: F
A29: 14 | B29: abecfd | C29: =Rankings!L23 -> 10.393024 | D29: =Rankings!M23 -> 6.347527 | E29: =Rankings!N23 -> 3.5280226 | F29: =Rankings!O23 -> 1.7866692 | G29: =Rankings!P23 -> 0.88688156 | H29: =Rankings!Q23 -> 1 | I29: =Rankings!R23 -> 23.942124 | K29: =C29 -> 10.393024 | L29: =D29 -> 6.347527 | M29: =F29 -> 1.7866692 | N29: =H29 -> 1 | O29: =E29 -> 3.5280226 | P29: =G29 -> 0.88688156 | R29: =K29/$I29 -> 0.43408946 | S29: =L29/$I29 -> 0.26511963 | T29: =M29/$I29 -> 0.074624506 | U29: =N29/$I29 -> 0.041767388 | V29: =O29/$I29 -> 0.14735629 | W29: =P29/$I29 -> 0.037042727 | X29: =SUM(R29:W29) -> 1
C30: A | D30: B | E30: E | F30: D | G30: C | H30: F | K30: A | L30: B | M30: C | N30: D | O30: E | P30: F
A31: 15 | B31: abedcf | C31: =Rankings!L24 -> 16.661568 | D31: =Rankings!M24 -> 10.176033 | E31: =Rankings!N24 -> 5.6559467 | F31: =Rankings!O24 -> 4.5103002 | G31: =Rankings!P24 -> 2.0145522 | H31: =Rankings!Q24 -> 1 | I31: =Rankings!R24 -> 40.0184 | K31: =C31 -> 16.661568 | L31: =D31 -> 10.176033 | M31: =G31 -> 2.0145522 | N31: =F31 -> 4.5103002 | O31: =E31 -> 5.6559467 | P31: =H31 -> 1 | R31: =K31/$I31 -> 0.41634768 | S31: =L31/$I31 -> 0.25428385 | T31: =M31/$I31 -> 0.050340648 | U31: =N31/$I31 -> 0.11270566 | V31: =O31/$I31 -> 0.14133365 | W31: =P31/$I31 -> 0.024988505 | X31: =SUM(R31:W31) -> 1
C32: A | D32: B | E32: E | F32: D | G32: F | H32: C | K32: A | L32: B | M32: C | N32: D | O32: E | P32: F
A33: 16 | B33: abedfc | C33: =Rankings!L25 -> 7.6630045 | D33: =Rankings!M25 -> 4.6801709 | E33: =Rankings!N25 -> 2.6012885 | F33: =Rankings!O25 -> 2.0743817 | G33: =Rankings!P25 -> 1.4032439 | H33: =Rankings!Q25 -> 1 | I33: =Rankings!R25 -> 19.422089 | K33: =C33 -> 7.6630045 | L33: =D33 -> 4.6801709 | M33: =H33 -> 1 | N33: =F33 -> 2.0743817 | O33: =E33 -> 2.6012885 | P33: =G33 -> 1.4032439 | R33: =K33/$I33 -> 0.39455098 | S33: =L33/$I33 -> 0.24097155 | T33: =M33/$I33 -> 0.051487766 | U33: =N33/$I33 -> 0.10680528 | V33: =O33/$I33 -> 0.13393453 | W33: =P33/$I33 -> 0.072249894 | X33: =SUM(R33:W33) -> 1
C34: A | D34: B | E34: E | F34: F | G34: C | H34: D | K34: A | L34: B | M34: C | N34: D | O34: E | P34: F
A35: 17 | B35: abefcd | C35: =Rankings!L26 -> 7.8354147 | D35: =Rankings!M26 -> 4.7854703 | E35: =Rankings!N26 -> 2.659815 | F35: =Rankings!O26 -> 2.0120604 | G35: =Rankings!P26 -> 1.4338637 | H35: =Rankings!Q26 -> 1 | I35: =Rankings!R26 -> 19.726624 | K35: =C35 -> 7.8354147 | L35: =D35 -> 4.7854703 | M35: =G35 -> 1.4338637 | N35: =H35 -> 1 | O35: =E35 -> 2.659815 | P35: =F35 -> 2.0120604 | R35: =K35/$I35 -> 0.39719998 | S35: =L35/$I35 -> 0.24258942 | T35: =M35/$I35 -> 0.072686723 | U35: =N35/$I35 -> 0.050692911 | V35: =O35/$I35 -> 0.13483376 | W35: =P35/$I35 -> 0.1019972 | X35: =SUM(R35:W35) -> 1
C36: A | D36: B | E36: E | F36: F | G36: D | H36: C | K36: A | L36: B | M36: C | N36: D | O36: E | P36: F
A37: 18 | B37: abefdc | C37: =Rankings!L27 -> 7.7323859 | D37: =Rankings!M27 -> 4.7225455 | E37: =Rankings!N27 -> 2.6248407 | F37: =Rankings!O27 -> 1.9856036 | G37: =Rankings!P27 -> 2.23886 | H37: =Rankings!Q27 -> 1 | I37: =Rankings!R27 -> 20.304236 | K37: =C37 -> 7.7323859 | L37: =D37 -> 4.7225455 | M37: =H37 -> 1 | N37: =G37 -> 2.23886 | O37: =E37 -> 2.6248407 | P37: =F37 -> 1.9856036 | R37: =K37/$I37 -> 0.38082625 | S37: =L37/$I37 -> 0.23258918 | T37: =M37/$I37 -> 0.049250807 | U37: =N37/$I37 -> 0.11026566 | V37: =O37/$I37 -> 0.12927553 | W37: =P37/$I37 -> 0.097792581 | X37: =SUM(R37:W37) -> 1
C38: A | D38: B | E38: F | F38: C | G38: D | H38: E | K38: A | L38: B | M38: C | N38: D | O38: E | P38: F
A39: 19 | B39: abfcde | C39: =Rankings!L28 -> 8.3354933 | D39: =Rankings!M28 -> 5.0908927 | E39: =Rankings!N28 -> 3.8121019 | F39: =Rankings!O28 -> 2.7166353 | G39: =Rankings!P28 -> 1.894626 | H39: =Rankings!Q28 -> 1 | I39: =Rankings!R28 -> 22.849749 | K39: =C39 -> 8.3354933 | L39: =D39 -> 5.0908927 | M39: =F39 -> 2.7166353 | N39: =G39 -> 1.894626 | O39: =H39 -> 1 | P39: =E39 -> 3.8121019 | R39: =K39/$I39 -> 0.36479583 | S39: =L39/$I39 -> 0.22279862 | T39: =M39/$I39 -> 0.11889125 | U39: =N39/$I39 -> 0.082916707 | V39: =O39/$I39 -> 0.043764157 | W39: =P39/$I39 -> 0.16683343 | X39: =SUM(R39:W39) -> 1
C40: A | D40: B | E40: F | F40: C | G40: E | H40: D | K40: A | L40: B | M40: C | N40: D | O40: E | P40: F
A41: 20 | B41: abfced | C41: =Rankings!L29 -> 8.6244829 | D41: =Rankings!M29 -> 5.2673927 | E41: =Rankings!N29 -> 3.9442666 | F41: =Rankings!O29 -> 2.8108204 | G41: =Rankings!P29 -> 1.2540067 | H41: =Rankings!Q29 -> 1 | I41: =Rankings!R29 -> 22.900969 | K41: =C41 -> 8.6244829 | L41: =D41 -> 5.2673927 | M41: =F41 -> 2.8108204 | N41: =H41 -> 1 | O41: =G41 -> 1.2540067 | P41: =E41 -> 3.9442666 | R41: =K41/$I41 -> 0.37659903 | S41: =L41/$I41 -> 0.23000741 | T41: =M41/$I41 -> 0.12273805 | U41: =N41/$I41 -> 0.043666274 | V41: =O41/$I41 -> 0.0547578 | W41: =P41/$I41 -> 0.17223143 | X41: =SUM(R41:W41) -> 1
C42: A | D42: B | E42: F | F42: D | G42: C | H42: E | K42: A | L42: B | M42: C | N42: D | O42: E | P42: F
A43: 21 | B43: abfdce | C43: =Rankings!L30 -> 9.7317871 | D43: =Rankings!M30 -> 5.9436775 | E43: =Rankings!N30 -> 4.4506741 | F43: =Rankings!O30 -> 5.018341 | G43: =Rankings!P30 -> 2.2414716 | H43: =Rankings!Q30 -> 1 | I43: =Rankings!R30 -> 28.385951 | K43: =C43 -> 9.7317871 | L43: =D43 -> 5.9436775 | M43: =G43 -> 2.2414716 | N43: =F43 -> 5.018341 | O43: =H43 -> 1 | P43: =E43 -> 4.4506741 | R43: =K43/$I43 -> 0.34283815 | S43: =L43/$I43 -> 0.209388 | T43: =M43/$I43 -> 0.078964118 | U43: =N43/$I43 -> 0.1767896 | V43: =O43/$I43 -> 0.035228694 | W43: =P43/$I43 -> 0.15679144 | X43: =SUM(R43:W43) -> 1
C44: A | D44: B | E44: F | F44: D | G44: E | H44: C | K44: A | L44: B | M44: C | N44: D | O44: E | P44: F
A45: 22 | B45: abfdec | C45: =Rankings!L31 -> 7.2550953 | D45: =Rankings!M31 -> 4.4310409 | E45: =Rankings!N31 -> 3.3179995 | F45: =Rankings!O31 -> 3.741198 | G45: =Rankings!P31 -> 1.9746367 | H45: =Rankings!Q31 -> 1 | I45: =Rankings!R31 -> 21.719971 | K45: =C45 -> 7.2550953 | L45: =D45 -> 4.4310409 | M45: =H45 -> 1 | N45: =F45 -> 3.741198 | O45: =G45 -> 1.9746367 | P45: =E45 -> 3.3179995 | R45: =K45/$I45 -> 0.33402878 | S45: =L45/$I45 -> 0.20400769 | T45: =M45/$I45 -> 0.046040578 | U45: =N45/$I45 -> 0.17224692 | V45: =O45/$I45 -> 0.090913417 | W45: =P45/$I45 -> 0.15276262 | X45: =SUM(R45:W45) -> 1
C46: A | D46: B | E46: F | F46: E | G46: C | H46: D | K46: A | L46: B | M46: C | N46: D | O46: E | P46: F
A47: 23 | B47: abfecd | C47: =Rankings!L32 -> 7.5942196 | D47: =Rankings!M32 -> 4.6381607 | E47: =Rankings!N32 -> 3.4730925 | F47: =Rankings!O32 -> 2.8313599 | G47: =Rankings!P32 -> 1.4338637 | H47: =Rankings!Q32 -> 1 | I47: =Rankings!R32 -> 20.970696 | K47: =C47 -> 7.5942196 | L47: =D47 -> 4.6381607 | M47: =G47 -> 1.4338637 | N47: =H47 -> 1 | O47: =F47 -> 2.8313599 | P47: =E47 -> 3.4730925 | R47: =K47/$I47 -> 0.36213483 | S47: =L47/$I47 -> 0.22117342 | T47: =M47/$I47 -> 0.068374633 | U47: =N47/$I47 -> 0.047685589 | V47: =O47/$I47 -> 0.13501506 | W47: =P47/$I47 -> 0.16561646 | X47: =SUM(R47:W47) -> 1
C48: A | D48: B | E48: F | F48: E | G48: D | H48: C | K48: A | L48: B | M48: C | N48: D | O48: E | P48: F
A49: 24 | B49: abfedc | C49: =Rankings!L33 -> 7.5303448 | D49: =Rankings!M33 -> 4.5991492 | E49: =Rankings!N33 -> 3.4438804 | F49: =Rankings!O33 -> 2.8075454 | G49: =Rankings!P33 -> 2.23886 | H49: =Rankings!Q33 -> 1 | I49: =Rankings!R33 -> 21.61978 | K49: =C49 -> 7.5303448 | L49: =D49 -> 4.5991492 | M49: =H49 -> 1 | N49: =G49 -> 2.23886 | O49: =F49 -> 2.8075454 | P49: =E49 -> 3.4438804 | R49: =K49/$I49 -> 0.34830812 | S49: =L49/$I49 -> 0.21272877 | T49: =M49/$I49 -> 0.04625394 | U49: =N49/$I49 -> 0.10355609 | V49: =O49/$I49 -> 0.12986004 | W49: =P49/$I49 -> 0.15929304 | X49: =SUM(R49:W49) -> 1
C50: A | D50: C | E50: B | F50: D | G50: E | H50: F | K50: A | L50: B | M50: C | N50: D | O50: E | P50: F
A51: 25 | B51: acbdef | C51: =Rankings!L34 -> 3.8067861 | D51: =Rankings!M34 -> 3.4354874 | E51: =Rankings!N34 -> 2.2812263 | F51: =Rankings!O34 -> 2.5045741 | G51: =Rankings!P34 -> 1.3219359 | H51: =Rankings!Q34 -> 1 | I51: =Rankings!R34 -> 14.35001 | K51: =C51 -> 3.8067861 | L51: =E51 -> 2.2812263 | M51: =D51 -> 3.4354874 | N51: =F51 -> 2.5045741 | O51: =G51 -> 1.3219359 | P51: =H51 -> 1 | R51: =K51/$I51 -> 0.26528108 | S51: =L51/$I51 -> 0.15897037 | T51: =M51/$I51 -> 0.23940662 | U51: =N51/$I51 -> 0.17453466 | V51: =O51/$I51 -> 0.092120907 | W51: =P51/$I51 -> 0.069686363 | X51: =SUM(R51:W51) -> 1
C52: A | D52: C | E52: B | F52: D | G52: F | H52: E | K52: A | L52: B | M52: C | N52: D | O52: E | P52: F
A53: 26 | B53: acbdfe | C53: =Rankings!L35 -> 2.7561406 | D53: =Rankings!M35 -> 2.4873176 | E53: =Rankings!N35 -> 1.6516243 | F53: =Rankings!O35 -> 1.8133297 | G53: =Rankings!P35 -> 1.2266517 | H53: =Rankings!Q35 -> 1 | I53: =Rankings!R35 -> 10.935064 | K53: =C53 -> 2.7561406 | L53: =E53 -> 1.6516243 | M53: =D53 -> 2.4873176 | N53: =F53 -> 1.8133297 | O53: =H53 -> 1 | P53: =G53 -> 1.2266517 | R53: =K53/$I53 -> 0.25204613 | S53: =L53/$I53 -> 0.15103929 | T53: =M53/$I53 -> 0.22746256 | U53: =N53/$I53 -> 0.16582708 | V53: =O53/$I53 -> 0.091448939 | W53: =P53/$I53 -> 0.112176 | X53: =SUM(R53:W53) -> 1
C54: A | D54: C | E54: B | F54: E | G54: D | H54: F | K54: A | L54: B | M54: C | N54: D | O54: E | P54: F
A55: 27 | B55: acbedf | C55: =Rankings!L36 -> 5.5656853 | D55: =Rankings!M36 -> 5.0228307 | E55: =Rankings!N36 -> 3.3352512 | F55: =Rankings!O36 -> 1.8537679 | G55: =Rankings!P36 -> 1.4782759 | H55: =Rankings!Q36 -> 1 | I55: =Rankings!R36 -> 18.255811 | K55: =C55 -> 5.5656853 | L55: =E55 -> 3.3352512 | M55: =D55 -> 5.0228307 | N55: =G55 -> 1.4782759 | O55: =F55 -> 1.8537679 | P55: =H55 -> 1 | R55: =K55/$I55 -> 0.30487198 | S55: =L55/$I55 -> 0.18269532 | T55: =M55/$I55 -> 0.27513599 | U55: =N55/$I55 -> 0.080975636 | V55: =O55/$I55 -> 0.10154399 | W55: =P55/$I55 -> 0.054777079 | X55: =SUM(R55:W55) -> 1
C56: A | D56: C | E56: B | F56: E | G56: F | H56: D | K56: A | L56: B | M56: C | N56: D | O56: E | P56: F
A57: 28 | B57: acbefd | C57: =Rankings!L37 -> 3.5199729 | D57: =Rankings!M37 -> 3.1766489 | E57: =Rankings!N37 -> 2.1093528 | F57: =Rankings!O37 -> 1.1724006 | G57: =Rankings!P37 -> 0.88688156 | H57: =Rankings!Q37 -> 1 | I57: =Rankings!R37 -> 11.865257 | K57: =C57 -> 3.5199729 | L57: =E57 -> 2.1093528 | M57: =D57 -> 3.1766489 | N57: =H57 -> 1 | O57: =F57 -> 1.1724006 | P57: =G57 -> 0.88688156 | R57: =K57/$I57 -> 0.29666218 | S57: =L57/$I57 -> 0.17777557 | T57: =M57/$I57 -> 0.26772694 | U57: =N57/$I57 -> 0.084279676 | V57: =O57/$I57 -> 0.098809543 | W57: =P57/$I57 -> 0.074746091 | X57: =SUM(R57:W57) -> 1
C58: A | D58: C | E58: B | F58: F | G58: D | H58: E | K58: A | L58: B | M58: C | N58: D | O58: E | P58: F
A59: 29 | B59: acbfde | C59: =Rankings!L38 -> 3.7446277 | D59: =Rankings!M38 -> 3.3793917 | E59: =Rankings!N38 -> 2.2439777 | F59: =Rankings!O38 -> 1.6803088 | G59: =Rankings!P38 -> 1.894626 | H59: =Rankings!Q38 -> 1 | I59: =Rankings!R38 -> 13.942932 | K59: =C59 -> 3.7446277 | L59: =E59 -> 2.2439777 | M59: =D59 -> 3.3793917 | N59: =G59 -> 1.894626 | O59: =H59 -> 1 | P59: =F59 -> 1.6803088 | R59: =K59/$I59 -> 0.26856817 | S59: =L59/$I59 -> 0.16094016 | T59: =M59/$I59 -> 0.2423731 | U59: =N59/$I59 -> 0.13588433 | V59: =O59/$I59 -> 0.071720927 | W59: =P59/$I59 -> 0.12051331 | X59: =SUM(R59:W59) -> 1
C60: A | D60: C | E60: B | F60: F | G60: E | H60: D | K60: A | L60: B | M60: C | N60: D | O60: E | P60: F
A61: 30 | B61: acbfed | C61: =Rankings!L39 -> 3.4279988 | D61: =Rankings!M39 -> 3.0936456 | E61: =Rankings!N39 -> 2.0542371 | F61: =Rankings!O39 -> 1.5382295 | G61: =Rankings!P39 -> 1.2540067 | H61: =Rankings!Q39 -> 1 | I61: =Rankings!R39 -> 12.368118 | K61: =C61 -> 3.4279988 | L61: =E61 -> 2.0542371 | M61: =D61 -> 3.0936456 | N61: =H61 -> 1 | O61: =G61 -> 1.2540067 | P61: =F61 -> 1.5382295 | R61: =K61/$I61 -> 0.27716415 | S61: =L61/$I61 -> 0.16609133 | T61: =M61/$I61 -> 0.25013067 | U61: =N61/$I61 -> 0.080853047 | V61: =O61/$I61 -> 0.10139026 | W61: =P61/$I61 -> 0.12437054 | X61: =SUM(R61:W61) -> 1
C62: A | D62: C | E62: D | F62: B | G62: E | H62: F | K62: A | L62: B | M62: C | N62: D | O62: E | P62: F
A63: 31 | B63: acdbef | C63: =Rankings!L40 -> 5.4326333 | D63: =Rankings!M40 -> 4.902756 | E63: =Rankings!N40 -> 3.4192623 | F63: =Rankings!O40 -> 2.3783929 | G63: =Rankings!P40 -> 1.3219359 | H63: =Rankings!Q40 -> 1 | I63: =Rankings!R40 -> 18.454981 | K63: =C63 -> 5.4326333 | L63: =F63 -> 2.3783929 | M63: =D63 -> 4.902756 | N63: =E63 -> 3.4192623 | O63: =G63 -> 1.3219359 | P63: =H63 -> 1 | R63: =K63/$I63 -> 0.29437221 | S63: =L63/$I63 -> 0.1288754 | T63: =M63/$I63 -> 0.26566032 | U63: =N63/$I63 -> 0.18527586 | V63: =O63/$I63 -> 0.071630307 | W63: =P63/$I63 -> 0.054185915 | X63: =SUM(R63:W63) -> 1
C64: A | D64: C | E64: D | F64: B | G64: F | H64: E | K64: A | L64: B | M64: C | N64: D | O64: E | P64: F
A65: 32 | B65: acdbfe | C65: =Rankings!L41 -> 3.7417736 | D65: =Rankings!M41 -> 3.376816 | E65: =Rankings!N41 -> 2.3550468 | F65: =Rankings!O41 -> 1.6381389 | G65: =Rankings!P41 -> 1.2266517 | H65: =Rankings!Q41 -> 1 | I65: =Rankings!R41 -> 13.338427 | K65: =C65 -> 3.7417736 | L65: =F65 -> 1.6381389 | M65: =D65 -> 3.376816 | N65: =E65 -> 2.3550468 | O65: =H65 -> 1 | P65: =G65 -> 1.2266517 | R65: =K65/$I65 -> 0.28052585 | S65: =L65/$I65 -> 0.1228135 | T65: =M65/$I65 -> 0.25316448 | U65: =N65/$I65 -> 0.17656106 | V65: =O65/$I65 -> 0.074971359 | W65: =P65/$I65 -> 0.091963748 | X65: =SUM(R65:W65) -> 1
C66: A | D66: C | E66: D | F66: E | G66: B | H66: F | K66: A | L66: B | M66: C | N66: D | O66: E | P66: F
A67: 33 | B67: acdebf | C67: =Rankings!L42 -> 7.3338515 | D67: =Rankings!M42 -> 6.6185369 | E67: =Rankings!N42 -> 4.6158761 | F67: =Rankings!O42 -> 2.4362994 | G67: =Rankings!P42 -> 1.3354556 | H67: =Rankings!Q42 -> 1 | I67: =Rankings!R42 -> 23.340019 | K67: =C67 -> 7.3338515 | L67: =G67 -> 1.3354556 | M67: =D67 -> 6.6185369 | N67: =E67 -> 4.6158761 | O67: =F67 -> 2.4362994 | P67: =H67 -> 1 | R67: =K67/$I67 -> 0.31421788 | S67: =L67/$I67 -> 0.057217414 | T67: =M67/$I67 -> 0.28357033 | U67: =N67/$I67 -> 0.19776659 | V67: =O67/$I67 -> 0.10438292 | W67: =P67/$I67 -> 0.042844866 | X67: =SUM(R67:W67) -> 1
C68: A | D68: C | E68: D | F68: E | G68: F | H68: B | K68: A | L68: B | M68: C | N68: D | O68: E | P68: F
A69: 34 | B69: acdefb | C69: =Rankings!L43 -> 4.9420871 | D69: =Rankings!M43 -> 4.4600557 | E69: =Rankings!N43 -> 3.1105159 | F69: =Rankings!O43 -> 1.6417572 | G69: =Rankings!P43 -> 1.2419341 | H69: =Rankings!Q43 -> 1 | I69: =Rankings!R43 -> 16.39635 | K69: =C69 -> 4.9420871 | L69: =H69 -> 1 | M69: =D69 -> 4.4600557 | N69: =E69 -> 3.1105159 | O69: =F69 -> 1.6417572 | P69: =G69 -> 1.2419341 | R69: =K69/$I69 -> 0.30141386 | S69: =L69/$I69 -> 0.060989184 | T69: =M69/$I69 -> 0.27201516 | U69: =N69/$I69 -> 0.18970782 | V69: =O69/$I69 -> 0.10012943 | W69: =P69/$I69 -> 0.075744544 | X69: =SUM(R69:W69) -> 1
C70: A | D70: C | E70: D | F70: F | G70: B | H70: E | K70: A | L70: B | M70: C | N70: D | O70: E | P70: F
A71: 35 | B71: acdfbe | C71: =Rankings!L44 -> 5.2481375 | D71: =Rankings!M44 -> 4.7362552 | E71: =Rankings!N44 -> 3.3031419 | F71: =Rankings!O44 -> 2.2344556 | G71: =Rankings!P44 -> 1.7991741 | H71: =Rankings!Q44 -> 1 | I71: =Rankings!R44 -> 18.321164 | K71: =C71 -> 5.2481375 | L71: =G71 -> 1.7991741 | M71: =D71 -> 4.7362552 | N71: =E71 -> 3.3031419 | O71: =H71 -> 1 | P71: =F71 -> 2.2344556 | R71: =K71/$I71 -> 0.28645218 | S71: =L71/$I71 -> 0.098201953 | T71: =M71/$I71 -> 0.25851278 | U71: =N71/$I71 -> 0.18029105 | V71: =O71/$I71 -> 0.054581684 | W71: =P71/$I71 -> 0.12196035 | X71: =SUM(R71:W71) -> 1
C72: A | D72: C | E72: D | F72: F | G72: E | H72: B | K72: A | L72: B | M72: C | N72: D | O72: E | P72: F
A73: 36 | B73: acdfeb | C73: =Rankings!L45 -> 5.2560074 | D73: =Rankings!M45 -> 4.7433574 | E73: =Rankings!N45 -> 3.3080952 | F73: =Rankings!O45 -> 2.2378063 | G73: =Rankings!P45 -> 1.8243208 | H73: =Rankings!Q45 -> 1 | I73: =Rankings!R45 -> 18.369587 | K73: =C73 -> 5.2560074 | L73: =H73 -> 1 | M73: =D73 -> 4.7433574 | N73: =E73 -> 3.3080952 | O73: =G73 -> 1.8243208 | P73: =F73 -> 2.2378063 | R73: =K73/$I73 -> 0.2861255 | S73: =L73/$I73 -> 0.054437805 | T73: =M73/$I73 -> 0.25821797 | U73: =N73/$I73 -> 0.18008544 | V73: =O73/$I73 -> 0.099312021 | W73: =P73/$I73 -> 0.12182126 | X73: =SUM(R73:W73) -> 1
C74: A | D74: C | E74: E | F74: B | G74: D | H74: F | K74: A | L74: B | M74: C | N74: D | O74: E | P74: F
A75: 37 | B75: acebdf | C75: =Rankings!L46 -> 6.1009092 | D75: =Rankings!M46 -> 5.5058509 | E75: =Rankings!N46 -> 2.4563554 | F75: =Rankings!O46 -> 1.3464493 | G75: =Rankings!P46 -> 1.4782759 | H75: =Rankings!Q46 -> 1 | I75: =Rankings!R46 -> 17.887841 | K75: =C75 -> 6.1009092 | L75: =F75 -> 1.3464493 | M75: =D75 -> 5.5058509 | N75: =G75 -> 1.4782759 | O75: =E75 -> 2.4563554 | P75: =H75 -> 1 | R75: =K75/$I75 -> 0.3410646 | S75: =L75/$I75 -> 0.07527176 | T75: =M75/$I75 -> 0.30779852 | U75: =N75/$I75 -> 0.082641384 | V75: =O75/$I75 -> 0.13731984 | W75: =P75/$I75 -> 0.055903897 | X75: =SUM(R75:W75) -> 1
C76: A | D76: C | E76: E | F76: B | G76: F | H76: D | K76: A | L76: B | M76: C | N76: D | O76: E | P76: F
A77: 38 | B77: acebfd | C77: =Rankings!L47 -> 5.3666051 | D77: =Rankings!M47 -> 4.8431679 | E77: =Rankings!N47 -> 2.160709 | F77: =Rankings!O47 -> 1.1843909 | G77: =Rankings!P47 -> 0.88688156 | H77: =Rankings!Q47 -> 1 | I77: =Rankings!R47 -> 15.441754 | K77: =C77 -> 5.3666051 | L77: =F77 -> 1.1843909 | M77: =D77 -> 4.8431679 | N77: =H77 -> 1 | O77: =E77 -> 2.160709 | P77: =G77 -> 0.88688156 | R77: =K77/$I77 -> 0.34753856 | S77: =L77/$I77 -> 0.07670054 | T77: =M77/$I77 -> 0.31364104 | U77: =N77/$I77 -> 0.064759481 | V77: =O77/$I77 -> 0.13992639 | W77: =P77/$I77 -> 0.057433989 | X77: =SUM(R77:W77) -> 1
C78: A | D78: C | E78: E | F78: D | G78: B | H78: F | K78: A | L78: B | M78: C | N78: D | O78: E | P78: F
A79: 39 | B79: acedbf | C79: =Rankings!L48 -> 5.9797286 | D79: =Rankings!M48 -> 5.3964898 | E79: =Rankings!N48 -> 2.4075655 | F79: =Rankings!O48 -> 1.9198985 | G79: =Rankings!P48 -> 1.3354556 | H79: =Rankings!Q48 -> 1 | I79: =Rankings!R48 -> 18.039138 | K79: =C79 -> 5.9797286 | L79: =G79 -> 1.3354556 | M79: =D79 -> 5.3964898 | N79: =F79 -> 1.9198985 | O79: =E79 -> 2.4075655 | P79: =H79 -> 1 | R79: =K79/$I79 -> 0.33148638 | S79: =L79/$I79 -> 0.074031008 | T79: =M79/$I79 -> 0.29915453 | U79: =N79/$I79 -> 0.10642961 | V79: =O79/$I79 -> 0.13346345 | W79: =P79/$I79 -> 0.055435022 | X79: =SUM(R79:W79) -> 1
C80: A | D80: C | E80: E | F80: D | G80: F | H80: B | K80: A | L80: B | M80: C | N80: D | O80: E | P80: F
A81: 40 | B81: acedfb | C81: =Rankings!L49 -> 5.7181724 | D81: =Rankings!M49 -> 5.1604448 | E81: =Rankings!N49 -> 2.3022575 | F81: =Rankings!O49 -> 1.8359212 | G81: =Rankings!P49 -> 1.2419341 | H81: =Rankings!Q49 -> 1 | I81: =Rankings!R49 -> 17.25873 | K81: =C81 -> 5.7181724 | L81: =H81 -> 1 | M81: =D81 -> 5.1604448 | N81: =F81 -> 1.8359212 | O81: =E81 -> 2.3022575 | P81: =G81 -> 1.2419341 | R81: =K81/$I81 -> 0.33132058 | S81: =L81/$I81 -> 0.057941691 | T81: =M81/$I81 -> 0.2990049 | U81: =N81/$I81 -> 0.10637638 | V81: =O81/$I81 -> 0.13339669 | W81: =P81/$I81 -> 0.071959759 | X81: =SUM(R81:W81) -> 1
C82: A | D82: C | E82: E | F82: F | G82: B | H82: D | K82: A | L82: B | M82: C | N82: D | O82: E | P82: F
A83: 41 | B83: acefbd | C83: =Rankings!L50 -> 3.7140418 | D83: =Rankings!M50 -> 3.351789 | E83: =Rankings!N50 -> 1.495352 | F83: =Rankings!O50 -> 1.1311834 | G83: =Rankings!P50 -> 0.91082405 | H83: =Rankings!Q50 -> 1 | I83: =Rankings!R50 -> 11.60319 | K83: =C83 -> 3.7140418 | L83: =G83 -> 0.91082405 | M83: =D83 -> 3.351789 | N83: =H83 -> 1 | O83: =E83 -> 1.495352 | P83: =F83 -> 1.1311834 | R83: =K83/$I83 -> 0.32008799 | S83: =L83/$I83 -> 0.078497726 | T83: =M83/$I83 -> 0.28886788 | U83: =N83/$I83 -> 0.086183194 | V83: =O83/$I83 -> 0.12887421 | W83: =P83/$I83 -> 0.097488999 | X83: =SUM(R83:W83) -> 1
C84: A | D84: C | E84: E | F84: F | G84: D | H84: B | K84: A | L84: B | M84: C | N84: D | O84: E | P84: F
A85: 42 | B85: acefdb | C85: =Rankings!L51 -> 4.1862794 | D85: =Rankings!M51 -> 3.7779664 | E85: =Rankings!N51 -> 1.6854848 | F85: =Rankings!O51 -> 1.2750125 | G85: =Rankings!P51 -> 1.4376356 | H85: =Rankings!Q51 -> 1 | I85: =Rankings!R51 -> 13.362379 | K85: =C85 -> 4.1862794 | L85: =H85 -> 1 | M85: =D85 -> 3.7779664 | N85: =G85 -> 1.4376356 | O85: =E85 -> 1.6854848 | P85: =F85 -> 1.2750125 | R85: =K85/$I85 -> 0.31328848 | S85: =L85/$I85 -> 0.074836975 | T85: =M85/$I85 -> 0.28273158 | U85: =N85/$I85 -> 0.1075883 | V85: =O85/$I85 -> 0.12613659 | W85: =P85/$I85 -> 0.095418079 | X85: =SUM(R85:W85) -> 1
C86: A | D86: C | E86: F | F86: B | G86: D | H86: E | K86: A | L86: B | M86: C | N86: D | O86: E | P86: F
A87: 43 | B87: acfbde | C87: =Rankings!L52 -> 4.7841539 | D87: =Rankings!M52 -> 4.3175267 | E87: =Rankings!N52 -> 2.1431694 | F87: =Rankings!O52 -> 1.7256709 | G87: =Rankings!P52 -> 1.894626 | H87: =Rankings!Q52 -> 1 | I87: =Rankings!R52 -> 15.865147 | K87: =C87 -> 4.7841539 | L87: =F87 -> 1.7256709 | M87: =D87 -> 4.3175267 | N87: =G87 -> 1.894626 | O87: =H87 -> 1 | P87: =E87 -> 2.1431694 | R87: =K87/$I87 -> 0.30155119 | S87: =L87/$I87 -> 0.10877119 | T87: =M87/$I87 -> 0.27213909 | U87: =N87/$I87 -> 0.11942064 | V87: =O87/$I87 -> 0.063031248 | W87: =P87/$I87 -> 0.13508664 | X87: =SUM(R87:W87) -> 1
C88: A | D88: C | E88: F | F88: B | G88: E | H88: D | K88: A | L88: B | M88: C | N88: D | O88: E | P88: F
A89: 44 | B89: acfbed | C89: =Rankings!L53 -> 6.2548979 | D89: =Rankings!M53 -> 5.6448202 | E89: =Rankings!N53 -> 2.8020223 | F89: =Rankings!O53 -> 2.2561764 | G89: =Rankings!P53 -> 1.2540067 | H89: =Rankings!Q53 -> 1 | I89: =Rankings!R53 -> 19.211923 | K89: =C89 -> 6.2548979 | L89: =F89 -> 2.2561764 | M89: =D89 -> 5.6448202 | N89: =H89 -> 1 | O89: =G89 -> 1.2540067 | P89: =E89 -> 2.8020223 | R89: =K89/$I89 -> 0.32557375 | S89: =L89/$I89 -> 0.11743626 | T89: =M89/$I89 -> 0.29381859 | U89: =N89/$I89 -> 0.052051009 | V89: =O89/$I89 -> 0.065272314 | W89: =P89/$I89 -> 0.14584809 | X89: =SUM(R89:W89) -> 1
C90: A | D90: C | E90: F | F90: D | G90: B | H90: E | K90: A | L90: B | M90: C | N90: D | O90: E | P90: F
A91: 45 | B91: acfdbe | C91: =Rankings!L54 -> 5.1207819 | D91: =Rankings!M54 -> 4.6213213 | E91: =Rankings!N54 -> 2.2939695 | F91: =Rankings!O54 -> 2.5865568 | G91: =Rankings!P54 -> 1.7991741 | H91: =Rankings!Q54 -> 1 | I91: =Rankings!R54 -> 17.421804 | K91: =C91 -> 5.1207819 | L91: =G91 -> 1.7991741 | M91: =D91 -> 4.6213213 | N91: =F91 -> 2.5865568 | O91: =H91 -> 1 | P91: =E91 -> 2.2939695 | R91: =K91/$I91 -> 0.29392949 | S91: =L91/$I91 -> 0.1032714 | T91: =M91/$I91 -> 0.26526079 | U91: =N91/$I91 -> 0.14846665 | V91: =O91/$I91 -> 0.057399338 | W91: =P91/$I91 -> 0.13167233 | X91: =SUM(R91:W91) -> 1
C92: A | D92: C | E92: F | F92: D | G92: E | H92: B | K92: A | L92: B | M92: C | N92: D | O92: E | P92: F
A93: 46 | B93: acfdeb | C93: =Rankings!L55 -> 6.8428806 | D93: =Rankings!M55 -> 6.1754534 | E93: =Rankings!N55 -> 3.0654224 | F93: =Rankings!O55 -> 3.4564056 | G93: =Rankings!P55 -> 1.8243208 | H93: =Rankings!Q55 -> 1 | I93: =Rankings!R55 -> 22.364483 | K93: =C93 -> 6.8428806 | L93: =H93 -> 1 | M93: =D93 -> 6.1754534 | N93: =F93 -> 3.4564056 | O93: =G93 -> 1.8243208 | P93: =E93 -> 3.0654224 | R93: =K93/$I93 -> 0.30597088 | S93: =L93/$I93 -> 0.044713755 | T93: =M93/$I93 -> 0.27612771 | U93: =N93/$I93 -> 0.15454887 | V93: =O93/$I93 -> 0.081572234 | W93: =P93/$I93 -> 0.13706654 | X93: =SUM(R93:W93) -> 1
C94: A | D94: C | E94: F | F94: E | G94: B | H94: D | K94: A | L94: B | M94: C | N94: D | O94: E | P94: F
A95: 47 | B95: acfebd | C95: =Rankings!L56 -> 4.5499395 | D95: =Rankings!M56 -> 4.1061566 | E95: =Rankings!N56 -> 2.0382478 | F95: =Rankings!O56 -> 1.6616353 | G95: =Rankings!P56 -> 0.91082405 | H95: =Rankings!Q56 -> 1 | I95: =Rankings!R56 -> 14.266803 | K95: =C95 -> 4.5499395 | L95: =G95 -> 0.91082405 | M95: =D95 -> 4.1061566 | N95: =H95 -> 1 | O95: =F95 -> 1.6616353 | P95: =E95 -> 2.0382478 | R95: =K95/$I95 -> 0.31891794 | S95: =L95/$I95 -> 0.063842196 | T95: =M95/$I95 -> 0.28781196 | U95: =N95/$I95 -> 0.070092787 | V95: =O95/$I95 -> 0.11646865 | W95: =P95/$I95 -> 0.14286647 | X95: =SUM(R95:W95) -> 1
C96: A | D96: C | E96: F | F96: E | G96: D | H96: B | K96: A | L96: B | M96: C | N96: D | O96: E | P96: F
A97: 48 | B97: acfedb | C97: =Rankings!L57 -> 4.9364937 | D97: =Rankings!M57 -> 4.4550079 | E97: =Rankings!N57 -> 2.2114135 | F97: =Rankings!O57 -> 1.8028047 | G97: =Rankings!P57 -> 1.4376356 | H97: =Rankings!Q57 -> 1 | I97: =Rankings!R57 -> 15.843355 | K97: =C97 -> 4.9364937 | L97: =H97 -> 1 | M97: =D97 -> 4.4550079 | N97: =G97 -> 1.4376356 | O97: =F97 -> 1.8028047 | P97: =E97 -> 2.2114135 | R97: =K97/$I97 -> 0.31158133 | S97: =L97/$I97 -> 0.063117943 | T97: =M97/$I97 -> 0.28119093 | U97: =N97/$I97 -> 0.090740602 | V97: =O97/$I97 -> 0.11378932 | W97: =P97/$I97 -> 0.13957987 | X97: =SUM(R97:W97) -> 1
C98: A | D98: D | E98: B | F98: C | G98: E | H98: F | K98: A | L98: B | M98: C | N98: D | O98: E | P98: F
A99: 49 | B99: adbcef | C99: =Rankings!L58 -> 7.2648648 | D99: =Rankings!M58 -> 5.7939006 | E99: =Rankings!N58 -> 4.0301594 | F99: =Rankings!O58 -> 2.9630819 | G99: =Rankings!P58 -> 1.3219359 | H99: =Rankings!Q58 -> 1 | I99: =Rankings!R58 -> 22.373943 | K99: =C99 -> 7.2648648 | L99: =E99 -> 4.0301594 | M99: =F99 -> 2.9630819 | N99: =D99 -> 5.7939006 | O99: =G99 -> 1.3219359 | P99: =H99 -> 1 | R99: =K99/$I99 -> 0.32470204 | S99: =L99/$I99 -> 0.18012737 | T99: =M99/$I99 -> 0.1324345 | U99: =N99/$I99 -> 0.25895752 | V99: =O99/$I99 -> 0.059083727 | W99: =P99/$I99 -> 0.04469485 | X99: =SUM(R99:W99) -> 1
C100: A | D100: D | E100: B | F100: C | G100: F | H100: E | K100: A | L100: B | M100: C | N100: D | O100: E | P100: F
...

Sheet RSV lookup table by #Variables
A1: Percentile | B1: 3 | C1: 4 | D1: 5 | E1: 6 | F1: 7 | G1: 8 | H1: 9 | I1: 10 | J1: 11 | K1: 12 | M1: Reference: M. S. Abbas, "Consistency Analysis for Judgement Quantification in Hierarchical Decision Model," PDXScholar, Portland State University, 2016.
A2: 0.01 | B2: 0.0001 | C2: 0.0188 | D2: 0.1495 | E2: 0.3012 | F2: 0.4249 | G2: 0.51 | H2: 0.5723 | I2: 0.617 | J2: 0.6521 | K2: 0.68
A3: 0.02 | B3: 0.0002 | C3: 0.0418 | D3: 0.1934 | E3: 0.3462 | F3: 0.462 | G3: 0.54 | H3: 0.5961 | I3: 0.6371 | J3: 0.669 | K3: 0.6945
A4: 0.03 | B4: 0.0005 | C4: 0.0596 | D4: 0.223 | E4: 0.3745 | F4: 0.4847 | G4: 0.5581 | H4: 0.6105 | I4: 0.6493 | J4: 0.6793 | K4: 0.7034
A5: 0.04 | B5: 0.0009 | C5: 0.0748 | D5: 0.246 | E5: 0.3955 | F5: 0.5012 | G5: 0.5713 | H5: 0.6211 | I5: 0.6582 | J5: 0.6868 | K5: 0.71
A6: 0.05 | B6: 0.0014 | C6: 0.0884 | D6: 0.2651 | E6: 0.4124 | F6: 0.5143 | G6: 0.5818 | H6: 0.6295 | I6: 0.6653 | J6: 0.6928 | K6: 0.7152
A7: 0.06 | B7: 0.0021 | C7: 0.1008 | D7: 0.2816 | E7: 0.4266 | F7: 0.5253 | G7: 0.5904 | H7: 0.6365 | I7: 0.6712 | J7: 0.6978 | K7: 0.7196
A8: 0.07 | B8: 0.0028 | C8: 0.1124 | D8: 0.2963 | E8: 0.439 | F8: 0.5347 | G8: 0.5979 | H8: 0.6425 | I8: 0.6763 | J8: 0.7022 | K8: 0.7234
A9: 0.08 | B9: 0.0037 | C9: 0.1233 | D9: 0.3095 | E9: 0.4499 | F9: 0.543 | G9: 0.6045 | H9: 0.6478 | I9: 0.6807 | J9: 0.706 | K9: 0.7267
A10: 0.09 | B10: 0.0046 | C10: 0.1337 | D10: 0.3215 | E10: 0.4597 | F10: 0.5505 | G10: 0.6104 | H10: 0.6526 | I10: 0.6848 | J10: 0.7095 | K10: 0.7298
A11: 0.1 | B11: 0.0057 | C11: 0.1437 | D11: 0.3327 | E11: 0.4686 | F11: 0.5572 | G11: 0.6157 | H11: 0.6569 | I11: 0.6884 | J11: 0.7126 | K11: 0.7325
A12: 0.11 | B12: 0.0069 | C12: 0.1532 | D12: 0.343 | E12: 0.4769 | F12: 0.5634 | G12: 0.6206 | H12: 0.6609 | I12: 0.6918 | J12: 0.7155 | K12: 0.735
A13: 0.12 | B13: 0.0083 | C13: 0.1625 | D13: 0.3528 | E13: 0.4845 | F13: 0.5691 | G13: 0.6252 | H13: 0.6646 | I13: 0.6949 | J13: 0.7182 | K13: 0.7374
... A51: 0.5 | B51: 0.1539 | C51: 0.4229 | D51: 0.5599 | E51: 0.635 | F51: 0.6814 | G51: 0.7144 | H51: 0.7384 | I51: 0.7577 | J51: 0.7729 | K51: 0.7859
